item_id,volume,issue,title,how found,suggested,kinds,checked,note
JUNE-01-2-05,1,2,Integrated Undergraduate Research Experience for the Study of Brain Injury,featured,Image & data-analysis software,Image & data-analysis software,,
JUNE-02-1-03,2,1,An Online Multimedia Resource in Behavioral Neuroscience,featured,Simulations & models,Simulations & models,,
JUNE-04-1-08,4,1,Get the Rhythm: Modeling Neuronal Activity,featured,Simulations & models,Simulations & models,,
JUNE-04-2-04,4,2,Teaching Basic Principles of Neuroscience with Computer Simulations,featured,Simulations & models,Simulations & models,,
JUNE-04-2-05,4,2,Responses to Sounds in the Central Auditory System of the Frog: An Advanced Electrophysiology Laboratory in Sensory Processing,featured,Programming & coding,Programming & coding,,
JUNE-04-2-08,4,2,MATLAB-based Simulation of Whole-Cell and Single-Channel Currents,featured,Simulations & models; Programming & coding,Simulations & models; Programming & coding,,
JUNE-05-1-03,5,1,Functional Magnetic Resonance Imaging (fMRI): A Brief Exercise for an Undergraduate Laboratory Course,featured,Open data & databases,Open data & databases,,
JUNE-05-2-12,5,2,Utility and Versatility of Extracellar Recordings from the Cockroach for Neurophysiological Instruction and Demonstration,mentioned only,,,,
JUNE-06-1-04,6,1,DataView: A Tutorial Tool for Data Analysis. Template-based Spike Sorting and Frequency Analysis.,featured,Image & data-analysis software,Image & data-analysis software,,
JUNE-06-1-05,6,1,"Novel in silico Method for Teaching Cytoarchitecture, Cellular Diversity, and Gene Expression in the Mammalian Brain",mentioned only,,,,
JUNE-06-2-06,6,2,Effective Use of Computer Simulations in an Introductory Neuroscience Laboratory,featured,Simulations & models,Simulations & models,,
JUNE-07-1-02,7,1,SWIMMY: Free Software for Teaching Neurophysiology of Neuronal Circuits,featured,Simulations & models,Simulations & models,,
JUNE-07-1-05,7,1,Virtual EEG: A Software-Based Electroencephalogram Designed for Undergraduate Neuroscience-Related Courses,mentioned only,,,,
JUNE-07-2-07,7,2,Successful Integration of Interactive Neuroscience Simulations into a Non-Laboratory Sensation & Perception Course,featured,Simulations & models,Simulations & models,,
JUNE-08-1-05,8,1,Building Neural Networks Within the Academy: Connecting Neuroscience to Other Disciplines,featured,Simulations & models,Simulations & models,,
JUNE-08-1-06,8,1,A Self-Study Tutorial using the Allen Brain Explorer and Brain Atlas to Teach Concepts of Mammalian Neuroanatomy and Brain Function,featured,Open data & databases,Open data & databases,,
JUNE-08-1-07,8,1,Modular Digital Course in Undergraduate Neuroscience Education (MDCUNE): A Website Offering Free Digital Tools for Neuroscience Educators,mentioned only,,,,
JUNE-08-1-08,8,1,Teaching Neurophysiology to Undergraduates using Neurons in Action,featured,Simulations & models,Simulations & models,,
JUNE-08-1-11,8,1,"g-PRIME: A Free, Windows Based Data Acquisition and Event Analysis Software Package for Physiology in Classrooms and Research Labs",mentioned only,,,,
JUNE-08-2-07,8,2,Exploration of Gerontogenes in the Nervous System: A Multi-Level Neurogenomics Laboratory Module for an Intermediate Neuroscience and Behavior Course,featured,Open data & databases,Open data & databases,,
JUNE-08-2-08,8,2,Demonstrations of Neural Network Computations Involving Students,featured,Simulations & models,Simulations & models,,
JUNE-09-1-06,9,1,Teaching Basic Neurophysiology Using Intact Earthworms,mentioned only,,,,
JUNE-09-1-11,9,1,Neural Networks: Making Connections about the Brain and about College,featured,Simulations & models,Simulations & models,,
JUNE-10-1-13,10,1,Design Plans for an Inexpensive Tail Flick Analgesia Meter,featured,Programming & coding,Programming & coding,,
JUNE-11-1-23,11,1,Teaching Neuroinformatics with an Emphasis on Quantitative Locus Analysis,featured,Open data & databases,Open data & databases,,
JUNE-11-1-25,11,1,A Structured-Inquiry Approach to Teaching Neurophysiology Using Computer Simulation,featured,Simulations & models; Open data & databases,Simulations & models; Open data & databases,,
JUNE-11-2-03,11,2,Da Vinci Coding? Using Renaissance Artists’ Depictions of the Brain to Engage Student Interest in Neuroanatomy,featured,Programming & coding,Programming & coding,,
JUNE-12-1-04,12,1,Three Colossal Neurons: A New Approach to an Old Classroom Demonstration,mentioned only,,,,
JUNE-12-1-06,12,1,MetaNeuron: A Free Neuron Simulation Program for Teaching Cellular Neurophysiology,featured,Simulations & models,Simulations & models,,
JUNE-12-1-14,12,1,Using Crickets to Introduce Neurophysiology to Early Undergraduate Students,mentioned only,,,,
JUNE-12-2-06,12,2,NeuroLab: A Set of Graphical Computer Simulations to Support Neuroscience Instruction at the High School and Undergraduate Level,featured,Simulations & models,Simulations & models,,
JUNE-12-2-07,12,2,Complementing Neurophysiology Education for Developing Countries via Cost-Effective Virtual Labs: Case Studies and Classroom Scenarios,featured,Simulations & models,Simulations & models,,
JUNE-12-2-08,12,2,Application of a Spike Sorting Procedure to Analyze Recordings in the Crayfish Ventral Superficial Flexor Preparation: A High Resolution Approach to the Study of Neuromodulators on Axons and Synapses,featured,Image & data-analysis software,Image & data-analysis software,,
JUNE-12-2-09,12,2,Classroom Demonstration of the Visual Effects of Eye Diseases,mentioned only,,,,
JUNE-13-1-02,13,1,Developing a New Experimental System for an Undergraduate Laboratory Exercise to Teach Theories of Visuomotor Learning,mentioned only,,,,
JUNE-13-2-08,13,2,"Exercises in Anatomy, Connectivity, and Morphology using Neuromorpho.org and the Allen Brain Atlas",featured,Open data & databases,Open data & databases,,
JUNE-13-3-03,13,3,VideoHacking: Automated Tracking and Quantification of Locomotor Behavior with Open Source Software and Off-the-Shelf Video Equipment,featured,Programming & coding,Programming & coding,,
JUNE-13-3-11,13,3,Light Activated Escape Circuits: A Behavior and Neurophysiology Lab Module using Drosophila Optogenetics,mentioned only,,,,
JUNE-14-1-05,14,1,Pencil-and-Paper Neural Networks: An Undergraduate Laboratory Exercise in Computational Neuroscience,featured,Simulations & models,Simulations & models,,
JUNE-14-1-06,14,1,Developing the Next Generation of Civic-Minded Neuroscience Scholars: Incorporating Service Learning and Advocacy Throughout a Neuroscience Program,mentioned only,,,,
JUNE-14-1-10,14,1,Undergraduate Biocuration: Developing Tomorrow’s Researchers While Mining Today’s Data,featured,Open data & databases,Open data & databases,,
JUNE-14-1-12,14,1,A Series of Computational Neuroscience Labs Increases Comfort with MATLAB,featured,Simulations & models; Programming & coding,Simulations & models; Programming & coding,,
JUNE-14-2-11,14,2,Illuminating the Undergraduate Behavioral Neuroscience Laboratory: A Guide for the in vivo Application of Optogenetics in Mammalian Model Organisms,featured,Programming & coding,Programming & coding,,
JUNE-15-1-06,15,1,Simulated in vivo Electrophysiology Experiments Provide Previously Inaccessible Insights into Visual Physiology,featured,Simulations & models,Simulations & models,,
JUNE-15-2-07,15,2,An Algebra-Based Introductory Computational Neuroscience Course with Lab,featured,Programming & coding,Programming & coding,,
JUNE-15-2-12,15,2,"The Use of Modular, Electronic Neuron Simulators for Neural Circuit Construction Produces Learning Gains in an Undergraduate Anatomy and Physiology Course",featured,Simulations & models,Simulations & models,,
JUNE-15-2-14,15,2,Grasshopper DCMD: An Undergraduate Electrophysiology Lab for Investigating Single-Unit Responses to Behaviorally-Relevant Stimuli,mentioned only,,,,
JUNE-16-1-05,16,1,An Interactive Simulation Program for Exploring Computational Models of Auto-Associative Memory,featured,Simulations & models,Simulations & models,,
JUNE-16-1-11,16,1,Cartoon Network: A Tool for Open-Ended Exploration of Neural Circuits,featured,Simulations & models,Simulations & models,,
JUNE-16-1-14,16,1,Characterizing the Undergraduate Neuroscience Major in the U. S.: An Examination of Course Requirements and Institution-Program Associations,mentioned only,,,,
JUNE-16-1-15,16,1,Teaching with Big Data: Report from the 2016 Society for Neuroscience Teaching Workshop,featured,Open data & databases,Open data & databases,,
JUNE-16-2-13,16,2,Using ImageJ to Assess Neurite Outgrowth in Mammalian Cell Cultures: Research Data Quantification Exercises in Undergraduate Neuroscience Lab,featured,Image & data-analysis software,Image & data-analysis software,,
JUNE-16-3-05,16,3,Cartoon Network Update: New features for exploring of neural circuits,featured,Simulations & models,Simulations & models,,
JUNE-16-3-08,16,3,Recording EMG Signals on a Computer Sound Card,mentioned only,,,,
JUNE-16-3-12,16,3,NeuroBytes Electronic Neuron Simulators and the 2017 FUN Summer Workshop,featured,Simulations & models,Simulations & models,,
JUNE-16-3-16,16,3,The Allen Brain Atlas as a Resource for Teaching Undergraduate Neuroscience,featured,Open data & databases,Open data & databases,,
JUNE-17-2-09,17,2,Neuroscience and Education Colleagues Collaborate to Design and Assess Effective Brain Outreach for Preschoolers,mentioned only,,,,
JUNE-18-1-02,18,1,Student-led Recaps and Retrieval Practice: A Simple Classroom Activity Emphasizing Effective Learning Strategies,mentioned only,,,,
JUNE-18-1-06,18,1,Modulating the Zebrafish Camouflage Response Pathway to Illustrate Neuroendocrine Control Over a Robust and Quantifiable Behavior,mentioned only,,,,
JUNE-18-1-07,18,1,Versatile Undergraduate Neurobiology Course-Based Research Experiences Using Open Access 3D Electron Microscopy Image Volumes,featured,Image & data-analysis software,Image & data-analysis software,,
JUNE-18-1-10,18,1,3D Printing Neuron Equivalent Circuits: An Undergraduate Laboratory Exercise,featured,Programming & coding,Programming & coding,,
JUNE-19-1-02,19,1,Reproducible Quantitative Stimulation Allows New Analysis of Crayfish Muscle Receptor Organ Responses,featured,Programming & coding,Programming & coding,,
JUNE-19-1-10,19,1,Learning How to Code While Analyzing an Open Access Electrophysiology Dataset,featured,Programming & coding; Open data & databases,Programming & coding; Open data & databases,,
JUNE-19-1-11,19,1,Non-Disposable Assignments for Remote Neuroscience Laboratory Teaching Using Analysis of Human Data,featured,Programming & coding,Programming & coding,,
JUNE-19-1-14,19,1,Inexpensive Methods for Live Imaging of Central Pattern Generator Activity in the Drosophila Larval Locomotor System,mentioned only,,,,
JUNE-19-2-04,19,2,Teaching Computation in Neuroscience: Notes on the 2019 Society for Neuroscience Professional Development Workshop on Teaching,featured,Programming & coding,Programming & coding,,
JUNE-19-2-05,19,2,Integrating Service Learning into a Neuropsychopharmacology Course,mentioned only,,,,
JUNE-19-2-06,19,2,Cooperative Group Learning in Undergraduate Neuroscience: Using Simulations to Complement Problem-Solving Assignments,featured,Simulations & models,Simulations & models,,
JUNE-19-2-09,19,2,A Course-Based Research Experience Using the Allen Brain Map: From Research Question to Poster Session,featured,Open data & databases,Open data & databases,,
JUNE-20-1-04,20,1,DRD4 Allele Frequency as a Lab Exercise in Neuroscience and Genetics Courses,mentioned only,,,,
JUNE-20-1-07,20,1,"The Spine Lab: A Short-Duration, Fully-Remote Course-Based Undergraduate Research Experience",mentioned only,,,,
JUNE-20-1-11,20,1,Open-Ended Inquiry into Zebrafish Nerve Development Using Image Analysis,featured,Image & data-analysis software,Image & data-analysis software,,
JUNE-20-1-14,20,1,Pandemic Teaching: Using the Allen Cell Types Database for Final Semester Projects in an Undergraduate Neurophysiology Lab Course,featured,Programming & coding; Open data & databases,Programming & coding; Open data & databases,,
JUNE-20-1-15,20,1,The Simpsons Neuron: A Case Study Exploring Neuronal Coding and the Scientific Method for Introductory and Advanced Neuroscience Courses,featured,Programming & coding,Programming & coding,,
JUNE-20-2-10,20,2,The Development of Core Concepts for Neuroscience Higher Education: From Beginning to Summer Virtual Meeting Satellite Session,mentioned only,,,,
JUNE-20-2-12,20,2,Enhancing Student Research Experiences with Open Data from the Allen Brain Map,featured,Open data & databases,Open data & databases,,
JUNE-20-2-16,20,2,"Deceived, Confused, or Peer Reviewed? Critical Information Literacy in a First-year Neuroscience Course",mentioned only,,,,
JUNE-20-2-19,20,2,"Designing a Simulation Lab: The Process that Led to Action Potentials Explored and Extended, Two Simulation-Based Neurobiology Labs",featured,Simulations & models,Simulations & models,,
JUNE-20-2-24,20,2,TrainingSpace: Neuroscience Education without Borders,featured,Open data & databases,Open data & databases,,
JUNE-20-2-25,20,2,Neurosim: Some Thoughts on Using Computer Simulation in Teaching Electrophysiology,featured,Simulations & models,Simulations & models,,
JUNE-20-3-05,20,3,Effective Development of a Remote Full-Day Summer Neuroscience Program at the University of Pennsylvania,mentioned only,,,,
JUNE-20-3-10,20,3,The FUN Exchange: A Community-Driven Repository of Resources for Neuroscience Educators,mentioned only,,,,
JUNE-20-3-11,20,3,Measuring Sex Differences in the Corpus Callosum by Undergraduates at a Small and a Large Institution,featured,Open data & databases,Open data & databases,,
JUNE-21-1-03,21,1,"Teaching Neuroscience: Reviving Neuroanatomy, Notes on the 2022 Society for Neuroscience Professional Development Workshop on Teaching",featured,Open data & databases,Open data & databases,,
JUNE-21-1-06,21,1,The Mismatch Between Neuroscience Graduate Training and Professional Skill Sets,mentioned only,,,,
JUNE-21-2-07,21,2,Sleepy Mice Case Study: Implementation and Assessment,featured,Open data & databases,Open data & databases,,
JUNE-21-2-12,21,2,Smartphone-enabled Web-based Simulation of Cellular Neurophysiology for Laboratory Course and its Effectiveness,featured,Simulations & models,Simulations & models,,
JUNE-22-1-09,22,1,Primary Afferent Depolarization and the Gate Control Theory of Pain: A Tutorial Simulation,featured,Simulations & models,Simulations & models,,
JUNE-22-1-10,22,1,CASE STUDY: Mapping Human Neuronal Diversity in the Search for New Therapeutics: Using Real Human Neuron Data Sets to Build Student Quantitative Skills,featured,Open data & databases,Open data & databases,,
JUNE-22-2-07,22,2,A Case for the Use of Open Data as a Tool to Incorporate Socioscientific Topics into Neuroscience Education,featured,Open data & databases,Open data & databases,,
JUNE-22-2-08,22,2,Integrating Programming into Neuroscience Courses,featured,Programming & coding,Programming & coding,,
JUNE-22-3-06,22,3,Low-Cost Classroom and Laboratory Exercises for Investigating Both Wave and Event-Related Electroencephalogram Potentials,mentioned only,,,,
JUNE-22-3-07,22,3,Neurosimilator for Undergraduate Biophysics and Neurophysiology Courses,featured,Programming & coding,Programming & coding,,
JUNE-22-3-08,22,3,Neurodiversity in the Minds of Students: From Perception to Campus Programming,featured,Programming & coding,Programming & coding,,
JUNE-22-3-14,22,3,An In-depth Exploration of the Interplay between fMRI Methods and Theory in Cognitive Neuroscience,featured,Image & data-analysis software,Image & data-analysis software,,
JUNE-24-1-04,24,1,An Advanced Undergraduate Laboratory Course: Calcium Imaging and Data Analysis – a Mini Graduate Research Experience,featured,Programming & coding; Image & data-analysis software,Programming & coding; Image & data-analysis software,,
JUNE-24-1-06,24,1,"Effect of Neutral and Negative Images on Galvanic Skin Response: An Activity for Courses in Forensic, Affective, and Behavioral Neuroscience",mentioned only,,,,
JUNE-24-2-01,24,2,An Inquiry-Based Lab Exercise Investigating Student Cortisol Responses to Giving a Graded In-Class Presentation,mentioned only,,,,
JUNE-24-2-02,24,2,Comparative Investigations of the Neurophysiological Mechanisms of Escape Behavior: A Course-based Undergraduate Research Experience,featured,Programming & coding,Programming & coding,,
JUNE-24-2-05,24,2,MacGyver Neuroscience: Cost-Effective Laboratory Exercises for Pre-Health Education,featured,Simulations & models,Simulations & models,,
JUNE-24-2-09,24,2,“I Can Code”: An Innovative Workshop Introducing Students to Coding in the Context of Neuroscience Research,featured,Programming & coding,Programming & coding,,
