item_id,title,how found,is_cure,themes,checked,note
JUNE-01-1-04,Exploring Neurogenesis in Crustaceans,abstract only,,A; E; G; I; J,,
JUNE-17-1-03,Analysis of Student Attitudes of a Neurobiology Themed Inquiry Based Research Experience in First Year Biology Labs,named in title/keywords,,F,,
JUNE-17-1-16,Classroom-Based Research Experiences to Support Underserved STEM Student Success: From Introductory Inquiry to Optogenetics in the Embryonic Chicken,named in title/keywords,,A; J,,
JUNE-18-1-03,Cognitive and Non-Cognitive Outcomes Associated with Student Engagement in a Novel Brain Chemoarchitecture Mapping Course-Based Undergraduate Research Experience,named in title/keywords,,H; I; J,,
JUNE-18-1-07,Versatile Undergraduate Neurobiology Course-Based Research Experiences Using Open Access 3D Electron Microscopy Image Volumes,named in title/keywords,,B; J,,
JUNE-18-2-04,Chick Embryonic Primary Astrocyte Cultures Provide an Effective and Scalable Model for Authentic Research in a Laboratory Class,named in title/keywords,,A; B; I,,
JUNE-18-2-08,Quantifying the Effects of Two Local Anesthetics on the Crayfish Stretch Receptor Organ: An Integrated Neurophysiology Lab,abstract only,,B; F,,
JUNE-19-1-03,Dissecting the Molecular and Neural Circuit Bases of Behavior as an Introduction to Discovery-Driven Research: A Report on a Course-Based Undergraduate Research Experience,named in title/keywords,,E; G,,
JUNE-19-1-07,Integrating Research into the Undergraduate Curriculum: 2. Scaffolding Research Skills and Transitioning toward Independent Research,named in title/keywords,,,,
JUNE-19-2-08,"Assessment of Mapping the Brain , a Novel Research and Neurotechnology Based Approach for the Modern Neuroscience Classroom",named in title/keywords,,B,,
JUNE-19-2-09,A Course-Based Research Experience Using the Allen Brain Map: From Research Question to Poster Session,named in title/keywords,,J,,
JUNE-20-1-07,"The Spine Lab: A Short-Duration, Fully-Remote Course-Based Undergraduate Research Experience",named in title/keywords,,B,,
JUNE-20-3-11,Measuring Sex Differences in the Corpus Callosum by Undergraduates at a Small and a Large Institution,abstract only,,E; G; J,,
JUNE-21-1-03,"Teaching Neuroscience: Reviving Neuroanatomy, Notes on the 2022 Society for Neuroscience Professional Development Workshop on Teaching",named in title/keywords,,I; J,,
JUNE-21-1-04,A Versatile Psychoneuroimmunology Course-based Undergraduate Research Experience,named in title/keywords,,D; G,,
JUNE-21-2-06,The COVID-19 and Taste Lab: A Mini Course-based Undergraduate Research Experience on Taste Differences and COVID-19 Susceptibility,named in title/keywords,,E; G,,
JUNE-22-1-02,A Versatile Semester-Long Course-Based Undergraduate Research Experience using Optogenetics and RNAi to Identify Genes Important for Synapse Function,named in title/keywords,,B; E; F; G; J,,
JUNE-22-1-11,Teaching Scientific Literature Analysis: A Systematic Adoption of Skill-Building Methods to Enrich Research Training for Undergraduate Students,abstract only,,H,,
JUNE-22-2-10,"microPublication Biology : An introduction to Publishing and Teaching with a Small-Format, Peer-Reviewed Journal",named in title/keywords,,,,
JUNE-22-3-13,"Interactive Notebooks Improve Students’ Understanding of Developmental Neurobiology, Attitudes Toward Research, and Experimental Design Competency in a Lecture-Based Neuroscience Course",abstract only,,A; H,,
JUNE-23-1-06,An Integrative Brain and Behavior CURE (Course-Based Undergraduate Research Experience) Using Immunohistochemistry in the Fighting Fish Betta splendens,named in title/keywords,,G; J,,
JUNE-23-2-11,Biopsychology Lab: COMT Genotype Associations with Vagal Tone and Frontal Alpha Asymmetry,abstract only,,B; G; H; I; J,,
JUNE-24-2-02,Comparative Investigations of the Neurophysiological Mechanisms of Escape Behavior: A Course-based Undergraduate Research Experience,named in title/keywords,,F; G; J,,
JUNE-24-2-08,Use of a Smartphone-Based App in an Online Behavioral Neuroscience Lab Course,abstract only,,G,,
