item_id,title,suggested,organisms,checked,note,times named,evidence
JUNE-01-1-02,The Emergence of Non-Match-to-Sample Behavior in the Developing Rat Pup,Rat; Non-human primates,Rat; Non-human primates,,,Rat 18; Non-human primates 5,
JUNE-01-1-03,And The Winner Is: Inviting Hollywood into the Neuroscience Classroom,,,,,Chick / birds 1; Cat / dog 2; Non-human primates 1,
JUNE-01-1-04,Exploring Neurogenesis in Crustaceans,Crayfish; Other crustaceans; Other invertebrates,Crayfish; Other crustaceans; Other invertebrates,,,Rat 2; Mouse 1; Other rodents 1; Crayfish 16; Other crustaceans 13; Other insects 2; Other invertebrates 7; Chick / birds 1; Plants & algae 1,
JUNE-01-1-05,Action Potentials in a Giant Algal Cell: A Comparative Approach to Mechanisms and Evolution of Excitability,Plants & algae,Plants & algae,,,Other insects 2; Squid / octopus 2; Other invertebrates 1; Plants & algae 65,
JUNE-01-2-04,Testing the Relationship Between Levels of Endogenous Testosterone and Physiological Responses to Facial Expressions in Men: An Experiment Conducted by Students in an Undergraduate Behavioral Neuroscience Class,Students as their own subjects,Students as their own subjects,,,Students as their own subjects 12,odes filled with an isotonicpaste and placed within 5 mm of one another on thehypothenar surface of the non-dominant hand (the smoo
JUNE-01-2-05,Integrated Undergraduate Research Experience for the Study of Brain Injury,Rat,Rat,,,Rat 9,
JUNE-01-2-06,Mentoring Undergraduate Students in Neuroscience Research: A Model System at Baldwin-Wallace College,Rat; Honey bee,Rat; Honey bee,,,Rat 4; Honey bee 3; Students as their own subjects 1,
JUNE-02-1-02,"Experimental Methods in Neuroscience: An Undergraduate Neuroscience Laboratory Course for Teaching Ethical Issues, Laboratory Techniques, Experimental Design, and Analysis",Mouse,Mouse,,,Mouse 31; Other rodents 1,
JUNE-02-1-03,An Online Multimedia Resource in Behavioral Neuroscience,,,,,Students as their own subjects 3,
JUNE-02-1-04,An Online Lab Manual for Neurophysiology,Crayfish; Earthworm,Crayfish; Earthworm,,,Crayfish 15; Other crustaceans 1; Earthworm 3; Frog / Xenopus 1,
JUNE-02-1-05,Evaluation of an Undergraduate Neuroscience Research Program at the University of Kentucky,,,,,Mouse 1,
JUNE-02-1-06,Sex Differences and Organizational Effects of Androgen in Spinal Cord Motor Nuclei,Rat,Rat,,,Rat 7,
JUNE-02-2-04,Ultrasonic Courtship Vocalizations of Adult Male Mice: A Laboratory Exercise Illustrating Comparable Activation by either Estradiol or Testosterone,Rat; Mouse; Other rodents,Rat; Mouse; Other rodents,,,Rat 17; Mouse 28; Other rodents 19; Other insects 2; Reptiles 1; Chick / birds 1; Sheep / pig / cow 1; Non-human primates 2,
JUNE-02-2-05,Measuring Salivary Cortisol in the Behavioral Neuroscience Laboratory,Students as their own subjects,Students as their own subjects,,,Students as their own subjects 103,re due to the social support that the group members offered each other which was not present in the uncrowded condition. perhaps a
JUNE-02-2-06,"Northeast Under/graduate Organization for Neuroscience, A Regional Neuroscience Meeting for Undergraduates, Graduate Students, and Faculty",,,,,Other crustaceans 1; Honey bee 1,
JUNE-03-1-02,An Inexpensive Alternative to Commercial Infrared Sensors,Rat,Rat,,,Rat 3; Mouse 1,
JUNE-03-1-04,"Emotional Arousal, Blood Glucose Levels, and Memory Modulation: Three Laboratory Exercises in Cognitive Neuroscience",Rat; Students as their own subjects,Rat; Students as their own subjects,,,Rat 6; Other rodents 1; Reptiles 2; Sheep / pig / cow 1; Plants & algae 1; Students as their own subjects 31,
JUNE-03-1-05,Tools for Physiology Labs: Inexpensive Equipment for Physiological Stimulation,Crayfish; Plants & algae,Crayfish; Plants & algae,,,Crayfish 3; Plants & algae 3,
JUNE-03-1-06,Allegheny College Hosts Neuroscience and Humanities Summer Institute,Students as their own subjects,Students as their own subjects,,,Sheep / pig / cow 1; Students as their own subjects 4,"sic, and by taking an active role in experimentation, using themselves as subjects.  this concept of doing rather than just observing"
JUNE-03-2-04,The Clinical Neuroscience Course: Viewing Mental Health from Neurobiological Perspectives,Rat,Rat,,,Rat 8; Students as their own subjects 5,
JUNE-03-2-05,Promoting Information Competency in Biological Psychology,,,,,Rat 1; Non-human primates 1,
JUNE-03-2-06,Use of the Herb Gymnema sylvestre to Illustrate the Principles of Gustatory Sensation: An Undergraduate Neuroscience Laboratory Exercise,Students as their own subjects,Students as their own subjects,,,Students as their own subjects 62, 2001).  this report  includes sample qualitative data from student subjects and  highlights a sugar/aspartame taste comparison that  il
JUNE-03-2-07,Column Chromatography Analysis of Brain Tissue: An Advanced Laboratory Exercise for Neuroscience Majors,Rat,Rat,,,Rat 5; Other rodents 1,
JUNE-04-1-05,Demonstrating the Temperature Sensitivity of Synaptic Transmission in a Drosophila Mutant,Drosophila (fruit fly),Drosophila (fruit fly),,,Rat 1; Drosophila (fruit fly) 21; Crayfish 1; Other crustaceans 1; Sheep / pig / cow 1,
JUNE-04-1-06,ols for Physiology Labs: An Inexpensive Means of Temperature Control,Drosophila (fruit fly),Drosophila (fruit fly),,,Drosophila (fruit fly) 6; Other crustaceans 1; Cockroach 1; Other insects 1; Earthworm 2,
JUNE-04-1-07,An Investigative Laboratory Exercise Examining the Cell Signaling and Regulatory Properties of Neurons in the Regenerating Forelimbs of the Axolotl Ambystoma mexicanum,Salamander / axolotl,Salamander / axolotl,,,Honey bee 1; Salamander / axolotl 17,
JUNE-04-2-04,Teaching Basic Principles of Neuroscience with Computer Simulations,,,,,Leech 1,
JUNE-04-2-05,Responses to Sounds in the Central Auditory System of the Frog: An Advanced Electrophysiology Laboratory in Sensory Processing,Frog / Xenopus,Frog / Xenopus,,,Cricket 1; Frog / Xenopus 28,
JUNE-04-2-07,Using Extracellular Single-unit Electrophysiological Data as a Substrate for Investigative Laboratory Exercises,,,,,Non-human primates 2; Students as their own subjects 2,
JUNE-04-2-08,MATLAB-based Simulation of Whole-Cell and Single-Channel Currents,Squid / octopus,Squid / octopus,,,Squid / octopus 8,
JUNE-05-1-03,Functional Magnetic Resonance Imaging (fMRI): A Brief Exercise for an Undergraduate Laboratory Course,Zebrafish,Zebrafish,,,Rat 1; Mouse 2; Zebrafish 3; Sheep / pig / cow 1; Students as their own subjects 4,
JUNE-05-1-04,Collaborative Research in Teaching: Collaboration between Laboratory Courses at Neighboring Institutions,Rat,Rat,,,Rat 7,
JUNE-05-1-05,"Cultivation of an Interdisciplinary, Research-Based Neuroscience Minor at Hope College",Rat,Rat,,,Rat 3; Crayfish 2; Students as their own subjects 1,
JUNE-05-2-06,Teaching About the Brain and Reaching the Community: Undergraduates in the Pipeline Neuroscience Program at the University of Pennsylvania,,,,,Sheep / pig / cow 2,
JUNE-05-2-07,Methods for Handling Missing Data in the Behavioral Neurosciences: Don’t Throw the Baby Rat out with the Bath Water,Rat,Rat,,,Rat 15,
JUNE-05-2-10,"IFEL TOUR: A Description of the Introduction to FUN Electrophysiology Labs Workshop at Bowdoin College, July 27-30, and the Resultant Faculty Learning Community",Other fish; Crayfish; Snail; Other invertebrates,Other fish; Crayfish; Snail; Other invertebrates,,,Drosophila (fruit fly) 1; Other fish 3; Crayfish 19; Snail 18; Earthworm 1; Other invertebrates 3; Frog / Xenopus 2; Students as their own subjects 1,
JUNE-05-2-11,Use of the Pyrithiamine-Induced Thiamine Deficient Animal Model of Korskoff’s Syndrome for Exploratory Research Activities in Undergraduate Physiological Psychology,Rat,Rat,,,Rat 10; Other rodents 2,
JUNE-05-2-12,Utility and Versatility of Extracellar Recordings from the Cockroach for Neurophysiological Instruction and Demonstration,Cockroach; Other invertebrates,Cockroach; Other invertebrates,,,Rat 1; Mouse 1; Other rodents 1; Crayfish 1; Other crustaceans 1; Cockroach 39; Other insects 2; Aplysia / sea slug 1; Other invertebrates 3; Frog / Xenopus 1; Cat / dog 1; Plants & algae 1; Students as their own subjects 1,
JUNE-06-1-04,DataView: A Tutorial Tool for Data Analysis. Template-based Spike Sorting and Frequency Analysis.,Mouse; Crayfish,Mouse; Crayfish,,,Mouse 3; Crayfish 7; Other crustaceans 1,
JUNE-06-1-05,"Novel in silico Method for Teaching Cytoarchitecture, Cellular Diversity, and Gene Expression in the Mammalian Brain",Mouse; Other rodents,Mouse; Other rodents,,,Mouse 6; Other rodents 3; Sheep / pig / cow 1,
JUNE-06-1-06,Technical Note: Construction of a Simple Suction Electrode for Extracellular Recording and Stimulation,Crayfish; Other crustaceans; Other insects,Crayfish; Other crustaceans; Other insects,,,Crayfish 9; Other crustaceans 3; Other insects 4; Other invertebrates 1; Students as their own subjects 2,
JUNE-06-1-07,NorthEast Under/graduate Research Organization for Neuroscience (NEURON): Our Third New York City Meeting,Rat,Rat,,,Rat 3; Mouse 2; Other rodents 1; Other crustaceans 1,
JUNE-06-1-08,Dual Format Course Design: Neuroanatomy and Neurophysiology for Adult Learners,,,,,Students as their own subjects 1,
JUNE-06-2-03,Using a Paradigm Shift to Teach Neurobiology and the Nature of Science—a C.R.E.A.T.E.-based Approach,,,,,Drosophila (fruit fly) 1; Frog / Xenopus 2,
JUNE-06-2-04,Demonstrating Cerebral Vascular Networks: A Comparison of Methods for the Teaching Laboratory,Rat; Mouse,Rat; Mouse,,,Rat 9; Mouse 13; Cat / dog 1,
JUNE-06-2-05,Crayfish Aggression and the Androgenic Gland in a Behavior Lab for Non-Majors,Crayfish; Other crustaceans,Crayfish; Other crustaceans,,,Rat 1; Crayfish 33; Other crustaceans 8; Cat / dog 1,
JUNE-06-2-06,Effective Use of Computer Simulations in an Introductory Neuroscience Laboratory,Rat,Rat,,,Rat 4; Other fish 1; Students as their own subjects 1,
JUNE-06-2-07,Online Multimedia Teaching Tool for Parkinson’s Disease,,,,,Non-human primates 1,
JUNE-07-1-03,The Digital Microscope: A Tool for Teaching Laboratory Skills in Distance Learning Courses,Rat,Rat,,,Rat 4,
JUNE-07-1-04,Experiencing Visuo-Motor Plasticity by Prism Adaptation in a Classroom Setting,Non-human primates,Non-human primates,,,Rat 1; Non-human primates 3; Students as their own subjects 1,
JUNE-07-1-05,Virtual EEG: A Software-Based Electroencephalogram Designed for Undergraduate Neuroscience-Related Courses,Students as their own subjects,Students as their own subjects,,,Mouse 1; Students as their own subjects 90,
JUNE-07-1-06,"A Laboratory Exercise for a College-Level, Introductory Neuroscience Course Demonstrating Effects of Housing Environment on Anxiety and Psychostimulant Sensitivity",Rat; Other rodents,Rat; Other rodents,,,Rat 68; Other rodents 5,
JUNE-07-1-07,"Constructing Inexpensive, Flexible, and Versatile Microdialysis Probes in an Undergraduate Microdialysis Research Lab",Rat; Mouse,Rat; Mouse,,,Rat 9; Mouse 13; Cat / dog 2,
JUNE-07-2-04,The Flatworm Planaria as a Toxicology and Behavioral Pharmacology Animal Model in Undergraduate Research Experiences,Planaria,Planaria,,,Other insects 1; Planaria 32; Other invertebrates 2,
JUNE-07-2-05,Every Cell Counts: An Inquiry-Based Approach to Address a Novel Research Question in an Undergraduate Neuroscience Lab,Rat; Mouse; Other rodents; Cat / dog,Rat; Mouse; Other rodents; Cat / dog,,,Rat 5; Mouse 5; Other rodents 23; Other fish 1; Crayfish 1; Frog / Xenopus 1; Salamander / axolotl 2; Reptiles 2; Chick / birds 2; Cat / dog 3,
JUNE-07-2-06,Northeast Under/graduate Research Organization for Neuroscience (NEURON): Our Thirteenth Conference for Neuroscience Trainees and Educators,,,,,Rat 1; Other rodents 1,
JUNE-07-2-07,Successful Integration of Interactive Neuroscience Simulations into a Non-Laboratory Sensation & Perception Course,,,,,Students as their own subjects 2,
JUNE-07-2-09,The Student Surgeon: A Behavioral Neuroendocrinology Laboratory Exercise in Rats,Rat,Rat,,,Rat 29; Other rodents 2; Sheep / pig / cow 2; Plants & algae 1; Students as their own subjects 2,
JUNE-08-1-02,Jeanne Narum: A Lifetime of Achievement,,,,,Students as their own subjects 1,
JUNE-08-1-03,"Sex, Gender, and the Brain: A Non-Majors Course Linking Neuroscience and Women’s Studies",Other invertebrates; Students as their own subjects,Other invertebrates; Students as their own subjects,,,Other rodents 2; Crayfish 2; Other crustaceans 1; Earthworm 1; Other invertebrates 3; Reptiles 2; Sheep / pig / cow 2; Non-human primates 2; Plants & algae 1; Students as their own subjects 12,
JUNE-08-1-04,Vision and Art: An Interdisciplinary Approach to Neuroscience Education,Sheep / pig / cow; Students as their own subjects,Sheep / pig / cow; Students as their own subjects,,,Sheep / pig / cow 3; Students as their own subjects 3,uffer debilitating gaps in knowledge and  occasionally view themselves as less well prepared than  students who have received  conven
JUNE-08-1-06,A Self-Study Tutorial using the Allen Brain Explorer and Brain Atlas to Teach Concepts of Mammalian Neuroanatomy and Brain Function,Mouse,Mouse,,,Mouse 10,
JUNE-08-1-07,Modular Digital Course in Undergraduate Neuroscience Education (MDCUNE): A Website Offering Free Digital Tools for Neuroscience Educators,Mouse; Chick / birds,Mouse; Chick / birds,,,Rat 1; Mouse 9; Chick / birds 8,
JUNE-08-1-09,Developing a Project-Oriented Introduction to Neuroscience Lab at Hope College,Rat,Rat,,,Rat 40; Sheep / pig / cow 1; Students as their own subjects 2,
JUNE-08-1-10,Teaching Laboratory Neuroscience at Bowdoin: The Laboratory Instructor Perspective,Drosophila (fruit fly); Other fish; Crayfish; Cricket; Other insects; Snail,Drosophila (fruit fly); Other fish; Crayfish; Cricket; Other insects; Snail,,,Rat 1; Mouse 2; Drosophila (fruit fly) 6; Other fish 4; Crayfish 6; Cockroach 2; Cricket 8; Other insects 3; Snail 5; Frog / Xenopus 1; Sheep / pig / cow 1; Students as their own subjects 1,
JUNE-08-1-11,"g-PRIME: A Free, Windows Based Data Acquisition and Event Analysis Software Package for Physiology in Classrooms and Research Labs",Crayfish,Crayfish,,,Drosophila (fruit fly) 1; Other fish 2; Crayfish 7; Snail 1; Plants & algae 1; Students as their own subjects 1,
JUNE-08-1-12,Teaching Undergraduate Neuroscience in the Digital Age,Mouse,Mouse,,,Mouse 5; Drosophila (fruit fly) 2; Frog / Xenopus 1; Students as their own subjects 1,
JUNE-08-1-14,Brain Awareness Week and Beyond: Encouraging the Next Generation,Honey bee,Honey bee,,,Honey bee 5,
JUNE-08-1-15,New(er) Kids on the Block – Voices of Junior FUN Faculty,,,,,Honey bee 1; Students as their own subjects 1,
JUNE-08-1-17,Facilities Planning for the Neuroscience Curriculum at a Primarily Undergraduate Institution: St. Olaf College’s Regents Hall of Natural and Mathematical Sciences,,,,,Rat 1; Mouse 2; Leech 1; Other invertebrates 2; Plants & algae 1; Students as their own subjects 1,
JUNE-08-2-03,Laboratory Class Project: Using a Cichlid Fish display Tank to Teach Students about Complex Behavioral Systems,Other fish,Other fish,,,Other fish 26,
JUNE-08-2-04,Narratives and Neurons: Stories of Damaged Brains,,,,,Reptiles 1; Students as their own subjects 1,
JUNE-08-2-07,Exploration of Gerontogenes in the Nervous System: A Multi-Level Neurogenomics Laboratory Module for an Intermediate Neuroscience and Behavior Course,C. elegans,C. elegans,,,Mouse 1; Other rodents 1; Drosophila (fruit fly) 1; C. elegans 22; Other insects 1,
JUNE-08-2-08,Demonstrations of Neural Network Computations Involving Students,,,,,Students as their own subjects 1,
JUNE-09-1-04,Using Neurogenetics and the Warmth-Gated Ion Channel TRPA1 to Study the Neural Basis of Behavior in Drosophila,Drosophila (fruit fly),Drosophila (fruit fly),,,Drosophila (fruit fly) 19; Other insects 1,
JUNE-09-1-05,A Visually-Induced Eyelid Droop Illusion as a Classroom Demonstration of Cross-Modality,Students as their own subjects,Students as their own subjects,,,Students as their own subjects 41," separate impressions are in  reality fully integrated with each other.  second, standard  content in undergraduate classes and te"
JUNE-09-1-06,Teaching Basic Neurophysiology Using Intact Earthworms,Earthworm; Frog / Xenopus,Earthworm; Frog / Xenopus,,,Other crustaceans 1; Earthworm 34; Frog / Xenopus 3; Students as their own subjects 16,
JUNE-09-1-07,Meeting the Challenge of Preparing Undergraduates for Careers in Cognitive Neuroscience,Students as their own subjects,Students as their own subjects,,,Students as their own subjects 32,
JUNE-09-1-08,Dissection of the Hippocampus Proper and the Associated Structures in Preserved Horse Brains,Sheep / pig / cow,Sheep / pig / cow,,,Sheep / pig / cow 6,
JUNE-09-1-09,Exploring the Complexities of Experimental Design: Using an On-line Reaction Time Program,Students as their own subjects,Students as their own subjects,,,Mouse 1; Students as their own subjects 33,
JUNE-09-1-10,Design and Construction of a Two-Temperature Preference Behavioral Assay,Mouse; Drosophila (fruit fly),Mouse; Drosophila (fruit fly),,,Mouse 3; Drosophila (fruit fly) 6; Cat / dog 1,
JUNE-09-1-11,Neural Networks: Making Connections about the Brain and about College,,,,,Sheep / pig / cow 1; Students as their own subjects 4,
JUNE-09-2-04,Volunteerism is Key to Offering Successful Neuroscience Outreach with Limited Resources,,,,,Honey bee 2; Students as their own subjects 1,
JUNE-09-2-06,An Undergraduate Laboratory Exercise to Study Weber’s Law,,,,,Mouse 1; Students as their own subjects 1,
JUNE-09-2-07,"SYNAPSE, Symposium for Young Neuroscientists and Professors of the Southeast: A One-day, Regional Neuroscience Meeting Focusing on Undergraduate Research",,,,,Drosophila (fruit fly) 1; Students as their own subjects 3,
JUNE-09-2-08,Incorporating Scientific Publishing into an Undergraduate Neuroscience Course: A Case Study Using IMPULSE,Other crustaceans,Other crustaceans,,,Other crustaceans 3; Students as their own subjects 2,
JUNE-09-2-09,Music and the Mind: A New Interdisciplinary Course on the Science of Musical Experience,Students as their own subjects,Students as their own subjects,,,Frog / Xenopus 1; Students as their own subjects 15," used often by the students to share  musical examples with each other.       to prepare for each class meeting, students read  va"
JUNE-10-1-05,The Use of “Non-Fiction Novels” in a Sensation and Perception Course,,,,,Students as their own subjects 2,
JUNE-10-1-06,Human Brains Engaged in Rat Brains: Student-driven Neuroanatomy Research in an Introductory Biology Lab Course,Rat; Sheep / pig / cow,Rat; Sheep / pig / cow,,,Rat 23; Mouse 1; Sheep / pig / cow 3,
JUNE-10-1-07,Decreasing Neuroscience Anxiety in an Introductory Neuroscience Course: An Analysis Using Data from a Modified Science Anxiety Scale,Sheep / pig / cow,Sheep / pig / cow,,,Sheep / pig / cow 3,
JUNE-10-1-08,Integrating Community Outreach into the Undergraduate Neuroscience Classroom,,,,,Students as their own subjects 2,
JUNE-10-1-10,Practical Experience with Age-related Dementia: Implementation and Outcomes of a Semester-long Service Learning Project in Neuropsychology,,,,,Cat / dog 1,
JUNE-10-1-11,Use of Personal EEG Monitors in a Behavioral Neuroscience Course to Investigate Natural Setting Sleep Patterns and the Factors Affecting Them in College Students,Students as their own subjects,Students as their own subjects,,,Students as their own subjects 22,
JUNE-10-1-12,A Conceptual Framework for Interdisciplinary Curriculum Design: A Case Study in Neuroscience,,,,,Mouse 1; Aplysia / sea slug 1; Students as their own subjects 1,
JUNE-10-1-13,Design Plans for an Inexpensive Tail Flick Analgesia Meter,Mouse; Other rodents,Mouse; Other rodents,,,Mouse 5; Other rodents 9; Students as their own subjects 4,
JUNE-10-1-14,A Modified Golgi-Cox Procedure for use in Undergraduate Courses,,Mouse,yes,"names the mouse only twice (below the cutoff), but students stain and section mouse brains",Mouse 2,
JUNE-10-2-03,Assessing Development of an Interdisciplinary Perspective in an Undergraduate Neuroscience Course,,,,,Students as their own subjects 7,
JUNE-10-2-04,Characterizing Mystery Cell Lines: Student-driven Research Projects in an Undergraduate Neuroscience Laboratory Course,Mouse,Mouse,,,Mouse 4; Sheep / pig / cow 1; Students as their own subjects 1,
JUNE-10-2-06,Using In Vivo Voltammetry to Demonstrate Drug Action: A Student Laboratory Experience in Neurochemistry,Rat,Rat,,,Rat 3,
JUNE-10-2-07,Bio-amplifier with Driven Shield Inputs to Reduce Electrical Noise and its Application to Laboratory Teaching of Electrophysiology,Students as their own subjects,Students as their own subjects,,,Rat 1; Students as their own subjects 34,"nough to allow the electrode  potentials to balance against each other, but sufficiently  higher than the electrodes’ impedance.  "
JUNE-10-2-09,An Undergraduate Laboratory Exercise Examining the Psychomotor Stimulant Effects of Caffeine in Laboratory Rats,Rat,Rat,,,Rat 62; Sheep / pig / cow 1,
JUNE-11-1-11,Cultivating Diversity and Competency in STEM: Challenges and Remedies for Removing Virtual Barriers to Constructing Diverse Higher Education Communities of Success,,,,,Plants & algae 1,
JUNE-11-1-13,The Intentional Mentor: Effective Mentorship of Undergraduate Science Students,,,,,Rat 1,
JUNE-11-1-14,Classroom Activities: Simple Strategies to Incorporate Student-Centered Activities within Undergraduate Science Lectures,,,,,C. elegans 1; Zebrafish 1; Other invertebrates 1; Frog / Xenopus 1,
JUNE-11-1-16,Accelerated Integrated Science Sequence: An Interdisciplinary Introductory Course for Science Majors,,,,,Crayfish 1,
JUNE-11-1-19,The Value of Partnerships in Science Education: A Win-Win Situation,,,,,Plants & algae 2,
JUNE-11-1-20,Neuroscience Study Abroad: Developing a Short-Term Summer Course,Chick / birds,Chick / birds,,,Mouse 1; Drosophila (fruit fly) 2; Other insects 1; Other invertebrates 1; Chick / birds 3,
JUNE-11-1-22,Planning and Designing Spaces for the Sciences,,,,,Plants & algae 2,
JUNE-11-1-23,Teaching Neuroinformatics with an Emphasis on Quantitative Locus Analysis,Mouse,Mouse,,,Mouse 11,
JUNE-11-1-24,Exploring Sensory Neuroscience Through Experience and Experiment,Students as their own subjects,Students as their own subjects,,,Students as their own subjects 70,".  in effect, students can experiment  with illusions using themselves as subjects.    key words:  illusion, adaptation, aftereffect,"
JUNE-11-1-26,The Fundamentals of Flying: Simple and Inexpensive Strategies for Employing Drosophila Genetics in Neuroscience Teaching Laboratories,Drosophila (fruit fly),Drosophila (fruit fly),,,Drosophila (fruit fly) 47; Other insects 1; Plants & algae 1,
JUNE-11-1-27,Electroretinograms in Drosophila: A Robust and Genetically Accessible Electrophysiological System for the Undergraduate Laboratory,Drosophila (fruit fly); Crayfish; Other insects,Drosophila (fruit fly); Crayfish; Other insects,,,Drosophila (fruit fly) 53; Crayfish 3; Other insects 4; Leech 1; Snail 1; Other invertebrates 2,
JUNE-11-1-28,Classic Clinical Technique Adapted to Demonstrate Autonomic Nervous System Physiology in an Undergraduate Laboratory Course,Students as their own subjects,Students as their own subjects,,,Students as their own subjects 14,
JUNE-11-1-29,The Homemade Alternative: Teaching Human Neurophysiology with Instrumentation Made (Almost) from Scratch,Cricket; Other invertebrates; Students as their own subjects,Cricket; Other invertebrates; Students as their own subjects,,,Mouse 1; Cricket 12; Other invertebrates 3; Plants & algae 1; Students as their own subjects 38,
JUNE-11-2-02,An Undergraduate Laboratory Exercise to Study Sensory Inhibition,,,,,Mouse 1; Students as their own subjects 2,
JUNE-11-2-04,Using Chick Forebrain Neurons to Model Neurodegeneration and Protection in an Undergraduate Neuroscience Laboratory Course,Rat; Mouse; Chick / birds,Rat; Mouse; Chick / birds,,,Rat 3; Mouse 3; Chick / birds 19,
JUNE-12-1-06,MetaNeuron: A Free Neuron Simulation Program for Teaching Cellular Neurophysiology,Mouse,Mouse,,,Mouse 7,
JUNE-12-1-08,Can You Change a Student’s Mind in a Course about the Brain? Belief Change Following an Introductory Course in Biological Psychology,,,,,Students as their own subjects 2,
JUNE-12-1-09,Pleasure and Pain: Teaching Neuroscientific Principles of Hedonism in a Large General Education Undergraduate Course,,,,,Students as their own subjects 2,
JUNE-12-1-13,Studying Temporal Properties of Stimulus-Evoked Responses in the Ventral Nerve Cord of Insects,Cockroach; Other insects,Cockroach; Other insects,,,Other fish 1; Cockroach 6; Other insects 3,
JUNE-12-1-14,Using Crickets to Introduce Neurophysiology to Early Undergraduate Students,Cockroach; Cricket; Other insects; Other invertebrates,Cockroach; Cricket; Other insects; Other invertebrates,,,Mouse 1; Crayfish 2; Cockroach 7; Cricket 71; Other insects 27; Earthworm 1; Other invertebrates 4,
JUNE-12-1-15,The Use of Mock NSF-type Grant Proposals and Blind Peer Review as the Capstone Assignment in Upper-Level Neurobiology and Cell Biology Courses,,,,,Rat 1,
JUNE-12-1-16,Engaging Undergraduates in a Unique Neuroscience Research Opportunity: A Collaborative Research Experience Between a Primarily Undergraduate Institution (PUI) and a Major Research Institution,,,,,Salamander / axolotl 1,
JUNE-12-2-04,Behavioral Observation of Xenopus Tadpole Swimming for Neuroscience Labs,Frog / Xenopus,Frog / Xenopus,,,Drosophila (fruit fly) 1; Zebrafish 2; Crayfish 1; Cockroach 1; Other insects 2; Leech 1; Snail 1; Earthworm 1; Other invertebrates 1; Frog / Xenopus 96,
JUNE-12-2-06,NeuroLab: A Set of Graphical Computer Simulations to Support Neuroscience Instruction at the High School and Undergraduate Level,,,,,Students as their own subjects 3,
JUNE-12-2-07,Complementing Neurophysiology Education for Developing Countries via Cost-Effective Virtual Labs: Case Studies and Classroom Scenarios,Squid / octopus,Squid / octopus,,,Squid / octopus 3,
JUNE-12-2-08,Application of a Spike Sorting Procedure to Analyze Recordings in the Crayfish Ventral Superficial Flexor Preparation: A High Resolution Approach to the Study of Neuromodulators on Axons and Synapses,Crayfish,Crayfish,,,Drosophila (fruit fly) 1; Crayfish 13; Reptiles 1,
JUNE-12-2-10,Attitudes Toward Animal Research: Revisiting Gallup and Beckstead (1988),,,,,Mouse 2,
JUNE-13-1-03,K-12 Neuroscience Education Outreach Program: Interactive Activities for Educating Students about Neuroscience,Other crustaceans; Sheep / pig / cow,Other crustaceans; Sheep / pig / cow,,,Rat 1; Mouse 1; Other crustaceans 6; Sheep / pig / cow 7; Students as their own subjects 4,
JUNE-13-1-04,Students Apply Research Methods to Consumer Decisions About Cognitive Enhancing Drinks,Students as their own subjects,Students as their own subjects,,,Students as their own subjects 40,"cognized as finalists  for the “best psychology poster” and one student was  selected as the eventual winner .  best of all, two studen"
JUNE-13-1-05,“Thinking like a Neuroscientist”: Using Scaffolded Grant Proposals to Foster Scientific Thinking in a Freshman Neuroscience Course,,,,,Mouse 2,
JUNE-13-1-06,A Proposal for Undergraduate Students’ Inclusion in Brain Awareness Week: Promoting Interest in Curricular Neuroscience Components,Students as their own subjects,Students as their own subjects,,,Students as their own subjects 6,"tests.  30  language  lecture  all animals communicate with each other, but  only humans speak and write. this is because  human l"
JUNE-13-1-07,Engaging Undergraduate Summer Research Students and Faculty in a Regional Neuroscience Network,,,,,Rat 1; Mouse 1; Other rodents 1; Students as their own subjects 1,
JUNE-13-1-08,Recording Field Potentials From Zebrafish Larvae During Escape Responses,Zebrafish; Other insects; Earthworm,Zebrafish; Other insects; Earthworm,,,Drosophila (fruit fly) 1; Zebrafish 54; Other fish 1; Crayfish 2; Cockroach 2; Other insects 5; Earthworm 3; Frog / Xenopus 1; Students as their own subjects 7,
JUNE-13-2-03,Dark Adaptation and Purkinje Shift: A Laboratory Exercise in Perceptual Neuroscience,,,,,Students as their own subjects 8,
JUNE-13-2-04,Brain Literate: Making Neuroscience Accessible to a Wider Audience of Undergraduates,Students as their own subjects,Students as their own subjects,,,Students as their own subjects 4,"how well lectures from different faculty were  connected to one another, the stude nts r esponded  positively overal l (83% positiv"
JUNE-13-2-05,A Classic Improved: Minor Tweaks Yield Major Benefits in Crayfish Slow-Flexor Preparations,Crayfish,Crayfish,,,Mouse 1; Crayfish 11; Other crustaceans 1; Sheep / pig / cow 1,
JUNE-13-2-06,"Mad Dogs, Vampires, and Zombie Ants: A Multidisciplinary Approach to Teaching Neuroscience, Behavior, and Microbiology",Mouse; Other rodents; Cockroach; Cricket; Other insects; Cat / dog,Mouse; Other rodents; Cockroach; Cricket; Other insects; Cat / dog,,,Rat 1; Mouse 3; Other rodents 5; Cockroach 5; Cricket 5; Honey bee 2; Other insects 6; Cat / dog 8,
JUNE-13-2-07,Undergraduate Neuropharmacology: A Model for Delivering College-Level Neuroscience to High School Students in situ,,,,,Sheep / pig / cow 1,
JUNE-13-2-08,"Exercises in Anatomy, Connectivity, and Morphology using Neuromorpho.org and the Allen Brain Atlas",Mouse; Non-human primates,Mouse; Non-human primates,,,Rat 1; Mouse 9; Other rodents 1; Sheep / pig / cow 1; Non-human primates 4,
JUNE-13-3-03,VideoHacking: Automated Tracking and Quantification of Locomotor Behavior with Open Source Software and Off-the-Shelf Video Equipment,Other rodents; Zebrafish; Chick / birds,Other rodents; Zebrafish; Chick / birds,,,Other rodents 6; Zebrafish 17; Chick / birds 5,
JUNE-13-3-04,ERIN: A Portal to Resources for Higher Education in Neuroscience,,,,,Crayfish 1; Squid / octopus 1; Other invertebrates 2; Students as their own subjects 2,
JUNE-13-3-05,Documenting Laboratory Procedures with Video,,,,,Plants & algae 1,
JUNE-13-3-06,Retention of Underrepresented Minority Faculty: Strategic Initiatives for Institutional Value Proposition Based on Perspectives from a Range of Academic Institutions,,,,,Plants & algae 1,
JUNE-13-3-08,Best Practices: The Neuroscience Program at Central Michigan University,,,,,Cat / dog 1,
JUNE-13-3-09,Career Transitions for Faculty Members Committed to Undergraduate Neuroscience Education,,,,,Rat 1; Students as their own subjects 1,
JUNE-13-3-11,Light Activated Escape Circuits: A Behavior and Neurophysiology Lab Module using Drosophila Optogenetics,Drosophila (fruit fly); Other insects,Drosophila (fruit fly); Other insects,,,Drosophila (fruit fly) 11; Other insects 4; Other invertebrates 2,
JUNE-13-3-12,Gel Scramble: An E-Tool for Teaching Molecular Neuroscience,,,,,Rat 1; Drosophila (fruit fly) 1,
JUNE-13-3-14,How to Successfully Incorporate Undergraduate Researchers Into a Complex Research Program at a Large Institution,,,,,Cat / dog 1,
JUNE-13-3-15,"Mission-Driven, Manageable and Meaningful Assessment of an Undergraduate Neuroscience Program",,,,,Cat / dog 2,
JUNE-13-3-16,In Situ Teaching: Fusing Labs & Lectures in Undergraduate Science Courses to Enhance Immersion in Scientific Research,,,,,Students as their own subjects 1,
JUNE-13-3-17,"In Vivo Time-Lapse Imaging in the Zebrafish Lateral Line: A Flexible, Open-Ended Research Project for an Undergraduate Neurobiology Laboratory Course",Zebrafish,Zebrafish,,,Zebrafish 40; Students as their own subjects 1,
JUNE-13-3-18,Using the Humanities to Teach Neuroscience to Non-majors,,,,,Rat 1; Mouse 1; Students as their own subjects 1,
JUNE-13-3-19,Electrophysiology Meets Ecology: Investigating How Vision is Tuned to the Life Style of an Animal using Electroretinography,Drosophila (fruit fly); Other insects,Drosophila (fruit fly); Other insects,,,Drosophila (fruit fly) 10; Other crustaceans 1; Honey bee 2; Other insects 82,
JUNE-13-3-20,Student Friendly Technique to Demonstrate Coordination between Postural (Involuntary) and Voluntary Muscle Contractions,Students as their own subjects,Students as their own subjects,,,Students as their own subjects 25,o measure the electrical  activity of the muscle underneath electrodes placed on the  skin.  virtually any human -safe bio amplifier us ed f
JUNE-14-1-03,Psychoactive Substances Bill and Act of New Zealand: A Chance to Engage Undergraduate Scientists with Society using a Transfer Learning Paradigm,,,,,Other rodents 2; Plants & algae 1,
JUNE-14-1-04,Snack Cake ‘Dissection’: A Flipped Classroom Exercise to Engage Undergraduates with Basic Neuroanatomy,,,,,Sheep / pig / cow 1,
JUNE-14-1-05,Pencil-and-Paper Neural Networks: An Undergraduate Laboratory Exercise in Computational Neuroscience,,,,,Leech 1; Other invertebrates 1,
JUNE-14-1-06,Developing the Next Generation of Civic-Minded Neuroscience Scholars: Incorporating Service Learning and Advocacy Throughout a Neuroscience Program,,,,,Rat 1; Students as their own subjects 4,
JUNE-14-1-07,Extracellular Recording of Light Responses from Optic Nerve Fibers and the Caudal Photoreceptor in the Crayfish,Crayfish,Crayfish,,,Drosophila (fruit fly) 1; Crayfish 25; Other crustaceans 1; Other invertebrates 1; Reptiles 1; Cat / dog 1,
JUNE-14-1-09,Using Tinbergen’s Four Questions as the Framework for a Neuroscience Capstone Course,,,,,Mouse 1; Other insects 1; Reptiles 1,
JUNE-14-1-10,Undergraduate Biocuration: Developing Tomorrow’s Researchers While Mining Today’s Data,Mouse,Mouse,,,Mouse 10,
JUNE-14-1-12,A Series of Computational Neuroscience Labs Increases Comfort with MATLAB,,,,,Students as their own subjects 1,
JUNE-14-1-13,Excitable Membranes and Action Potentials in Paramecia: An Analysis of the Electrophysiology of Ciliates,Plants & algae,Plants & algae,,,Plants & algae 5,
JUNE-14-2-08,Incorporating an ERP Project into Undergraduate Instruction,Students as their own subjects,Students as their own subjects,,,Students as their own subjects 68,"practice presenting their research.  through the design of  their own eeg experiment, students gained invaluable  experience in the c"
JUNE-14-2-10,“C.R.E.A.T.E.”-ing Unique Primary-Source Research Paper Assignments for a Pleasure and Pain Course Teaching Neuroscientific Principles in a Large General Education Undergraduate Course,,,,,Other rodents 2,
JUNE-14-2-11,Illuminating the Undergraduate Behavioral Neuroscience Laboratory: A Guide for the in vivo Application of Optogenetics in Mammalian Model Organisms,Rat; Mouse; Other rodents,Rat; Mouse; Other rodents,,,Rat 6; Mouse 12; Other rodents 6; Drosophila (fruit fly) 1; Other invertebrates 2,
JUNE-14-2-13,Breadboard Amplifier: Building and Using Simple Electrophysiology Equipment,Students as their own subjects,Students as their own subjects,,,Students as their own subjects 55,able to build a working  device and using it to record from their own muscles.       key words: electromyography; electrical circuits; re
JUNE-14-2-14,Using Cultured Mammalian Neurons to Study Cellular Processes and Neurodegeneration: A Suite of Undergraduate Lab Exercises,Rat; Mouse,Rat; Mouse,,,Rat 6; Mouse 5; Other rodents 2; Drosophila (fruit fly) 1; Crayfish 1,
JUNE-15-1-04,Undergraduate Neuroscience Education in the U.S.: Quantitative Comparisons of Programs and Graduates in the Broader Context of Undergraduate Life Sciences Education,,,,,Students as their own subjects 1,
JUNE-15-1-06,Simulated in vivo Electrophysiology Experiments Provide Previously Inaccessible Insights into Visual Physiology,,,,,Cockroach 1; Other invertebrates 1; Cat / dog 1; Non-human primates 1,
JUNE-15-1-07,"The Influence of Assay Design, Blinding, and Gymnema sylvestre on Sucrose Detection by Humans",Students as their own subjects,Students as their own subjects,,,Rat 1; Mouse 1; Plants & algae 1; Students as their own subjects 26,
JUNE-15-1-08,An Undergraduate Laboratory Exercise that Demonstrates the Difference Between Peripherally and Centrally Mediated Measures,,,,,Rat 1; Mouse 1,
JUNE-15-1-09,Are Electrode Caps Worth the Investment? An Evaluation of EEG Methods in Undergraduate Neuroscience Laboratory Courses and Research,Students as their own subjects,Students as their own subjects,,,Students as their own subjects 66,", 15(1):a29-a37    a31      oz), and the negative channel 1 electrode was placed on  the right side  of the forehead halfway between the  eyebr"
JUNE-15-1-11,An Inquiry-Based Approach to Study the Synapse: Student-Driven Experiments Using C. elegans,C. elegans,C. elegans,,,Drosophila (fruit fly) 1; C. elegans 45,
JUNE-15-1-12,The Miracle Fruit: An Undergraduate Laboratory Exercise in Taste Sensation and Perception,Other fish; Students as their own subjects,Other fish; Students as their own subjects,,,Other fish 4; Plants & algae 2; Students as their own subjects 75,
JUNE-15-1-13,The Establishment of an On-Campus Neurotraining Center at a Small University: Internship Experience Using Neuropsychological Techniques,,,,,Students as their own subjects 8,
JUNE-15-1-15,From Botox to Behavior: Neuroscience for Non-scientists at Emory,,,,,Students as their own subjects 3,
JUNE-15-1-17,Using Rubrics as a Scientific Writing Instructional Method in Early Stage Undergraduate Neuroscience Study,,,,,Mouse 1; Drosophila (fruit fly) 1; Zebrafish 1,
JUNE-15-1-19,The Woman Born Without a Cerebellum: A Real-Life Case Adapted for Use in an Undergraduate Developmental and Systems Neuroscience Course,,,,,Students as their own subjects 1,
JUNE-15-1-20,Professor Eric Can’t See: A Project-Based Learning Case for Neurobiology Students,,,,,Mouse 1; Students as their own subjects 1,
JUNE-15-2-05,"Neurogaming Technology Meets Neuroscience Education: A Cost-Effective, Scalable, and Highly Portable Undergraduate Teaching Laboratory for Neuroscience",Students as their own subjects,Students as their own subjects,,,Students as their own subjects 50," and methods in neuroscie nce by  recording and visualizing their own brain activity in real-time.  specially, the laboratory use d the"
JUNE-15-2-06,A Protocol Demonstrating 60 Different Drosophila Behaviors in One Assay,Drosophila (fruit fly),Drosophila (fruit fly),,,Drosophila (fruit fly) 15,
JUNE-15-2-07,An Algebra-Based Introductory Computational Neuroscience Course with Lab,Cockroach,Cockroach,,,C. elegans 1; Cockroach 5; Aplysia / sea slug 1; Non-human primates 2; Students as their own subjects 2,
JUNE-15-2-08,Recognition Without Words: Using Taste to Explore Survival Processing,Students as their own subjects,Students as their own subjects,,,Students as their own subjects 27,
JUNE-15-2-11,A Rat Model of Fetal Alcohol Syndrome: A Series of Undergraduate Laboratory Exercises for Biopsychology Courses,Rat; Mouse; Other rodents,Rat; Mouse; Other rodents,,,Rat 51; Mouse 3; Other rodents 8,
JUNE-15-2-12,"The Use of Modular, Electronic Neuron Simulators for Neural Circuit Construction Produces Learning Gains in an Undergraduate Anatomy and Physiology Course",Other insects; Students as their own subjects,Other insects; Students as their own subjects,,,Other insects 3; Students as their own subjects 24,
JUNE-15-2-13,A Critical Thinking Activity on Drug Tolerance for Undergraduate Neuroscience Courses,,,,,Other rodents 1,
JUNE-15-2-14,Grasshopper DCMD: An Undergraduate Electrophysiology Lab for Investigating Single-Unit Responses to Behaviorally-Relevant Stimuli,Other insects; Other invertebrates,Other insects; Other invertebrates,,,Other crustaceans 1; Cockroach 2; Cricket 1; Other insects 87; Earthworm 1; Other invertebrates 5; Frog / Xenopus 2; Students as their own subjects 2,
JUNE-15-2-15,Locate the Lesion: A Project-Based Learning Case that Stimulates Comprehension and Application of Neuroanatomy,,,,,Sheep / pig / cow 1,
JUNE-15-2-16,Drugs & the Brain: Case-Based Instruction for an Undergraduate Neuropharmacology Course,,,,,Rat 1,
JUNE-16-1-07,A Case Study in the Use of Primary Literature in the Context of Authentic Learning Pedagogy in the Undergraduate Neuroscience Classroom,Cat / dog,Cat / dog,,,Mouse 1; Cat / dog 12,
JUNE-16-1-08,Measuring Salivary Alpha-Amylase in the Undergraduate Neuroscience Laboratory,Students as their own subjects,Students as their own subjects,,,Students as their own subjects 16,of these different aspects of autonomic  activity relate to each other is an area of active  investigation.  the symmetry or asymm
JUNE-16-1-10,Using the Tools of Behavioral Neuroscience to Determine the Identity of Different Mouse Strains in a Laboratory Course,Mouse,Mouse,,,Mouse 55,
JUNE-16-1-11,Cartoon Network: A Tool for Open-Ended Exploration of Neural Circuits,,,,,Mouse 1; Students as their own subjects 2,
JUNE-16-1-13,Using Action-Mapping to Design a Non-Majors Neuroeconomics Course to Teach First-Year Collegiate Skills,Students as their own subjects,Students as their own subjects,,,Rat 1; Sheep / pig / cow 1; Students as their own subjects 3, at several phases in  the project to convey information to each other and to  public audiences.       randolph-macon college in a
JUNE-16-1-15,Teaching with Big Data: Report from the 2016 Society for Neuroscience Teaching Workshop,Mouse; Non-human primates,Mouse; Non-human primates,,,Mouse 41; Non-human primates 4,
JUNE-16-1-16,Integrating Brain Science into Health Studies: An Interdisciplinary Course in Contemplative Neuroscience and Yoga,,,,,Students as their own subjects 6,
JUNE-16-1-19,Front and Back Flipping for Neurobiology! Developing a Hybrid Upper-Division Lab Course,,,,,Rat 2; C. elegans 2; Cockroach 2; Students as their own subjects 2,
JUNE-16-1-20,An Integrative Approach to STEM Concepts in an Introductory Neuroscience Course: Gains in Interdisciplinary Awareness,,,,,Honey bee 1,
JUNE-16-2-04,Clinical Neuroscience in Practice: An Experiential Learning Course for Undergraduates Offered by Neurosurgeons and Neuroscientists,Students as their own subjects,Students as their own subjects,,,Students as their own subjects 6," see the very eeg and emg recordings that  they obtained on each other during their  introduction to ns laboratories, being applie"
JUNE-16-2-07,"The Design, Implementation, and Assessment of an Undergraduate Neurobiology Course using a Project-Based Approach",,,,,Other invertebrates 1,
JUNE-16-2-08,A Low-Cost Morris Water Maze for Undergraduate Research: Construction and Demonstration in a Rat Model of Obesity-Induced Diabetes,Rat; Other rodents; Students as their own subjects,Rat; Other rodents; Students as their own subjects,,,Rat 95; Mouse 2; Other rodents 4; Students as their own subjects 12,
JUNE-16-2-09,Using Optogenetics to Understand Neuronal Mechanisms Underlying Behavior in C. elegans,Drosophila (fruit fly); C. elegans,Drosophila (fruit fly); C. elegans,,,Mouse 1; Drosophila (fruit fly) 3; C. elegans 35; Plants & algae 1,
JUNE-16-2-10,Partnerships in Neuroscience Research Between Small Colleges and Large Institutions: A Case Study,,,,,Mouse 1; Students as their own subjects 2,
JUNE-16-2-11,The Olfactory Proboscis Extension Response in the Honey Bee: A Laboratory Exercise in Classical Conditioning,Drosophila (fruit fly); Honey bee; Other insects; Aplysia / sea slug; Earthworm; Cat / dog,Drosophila (fruit fly); Honey bee; Other insects; Aplysia / sea slug; Earthworm; Cat / dog,,,Drosophila (fruit fly) 4; Cricket 1; Honey bee 139; Other insects 12; Aplysia / sea slug 4; Earthworm 3; Other invertebrates 2; Cat / dog 3; Students as their own subjects 2,
JUNE-16-2-12,Aversive and Appetitive Learning in Drosophila Larvae: A Simple and Powerful Suite of Laboratory Modules for Classroom or Open-ended Research Projects,Drosophila (fruit fly),Drosophila (fruit fly),,,Other rodents 1; Drosophila (fruit fly) 39; Aplysia / sea slug 1; Other invertebrates 1; Students as their own subjects 5,
JUNE-16-2-13,Using ImageJ to Assess Neurite Outgrowth in Mammalian Cell Cultures: Research Data Quantification Exercises in Undergraduate Neuroscience Lab,,,,,Rat 1,
JUNE-16-3-05,Cartoon Network Update: New features for exploring of neural circuits,,,,,Students as their own subjects 1,
JUNE-16-3-06,Open Source Software Tools for Teaching Neuroscience,Earthworm,Earthworm,,,Crayfish 1; Cricket 1; Leech 2; Earthworm 3; Students as their own subjects 1,
JUNE-16-3-07,Demystifying Graduate School: Navigating a PhD in Neuroscience and Beyond,,,,,Students as their own subjects 1,
JUNE-16-3-08,Recording EMG Signals on a Computer Sound Card,Students as their own subjects,Students as their own subjects,,,Leech 1; Students as their own subjects 77,"e ground points   indicated in the circuit are connected to each other, to the  ground electrode on the skin, to the negative side"
JUNE-16-3-11,Demonstrating Connections Between Neuron Signaling and Behavior using C. elegans Learning Assays and Optogenetics in a Laboratory Class,C. elegans,C. elegans,,,Drosophila (fruit fly) 1; C. elegans 30,
JUNE-16-3-12,NeuroBytes Electronic Neuron Simulators and the 2017 FUN Summer Workshop,Students as their own subjects,Students as their own subjects,,,Students as their own subjects 5,"d input signals from the same dendrite  can also build upon each other, allowing experimentation  with te mporal summation .  inte"
JUNE-16-3-13,Using Online Images to Teach Quantitative Skills via Comparative Neuroanatomy: Applying the Directives of Vision and Change,Mouse; Sheep / pig / cow,Mouse; Sheep / pig / cow,,,Mouse 3; Sheep / pig / cow 3; Non-human primates 2,
JUNE-16-3-15,A Discussion of Diversity and Inclusivity at the Institutional Level: The Need For a Strategic Plan,Plants & algae,Plants & algae,,,Plants & algae 5,
JUNE-16-3-16,The Allen Brain Atlas as a Resource for Teaching Undergraduate Neuroscience,Mouse; Non-human primates,Mouse; Non-human primates,,,Mouse 36; Chick / birds 1; Non-human primates 3,
JUNE-16-3-17,Building an Inclusive Classroom,,,,,Plants & algae 2,
JUNE-16-3-19,Reducing the Cost of Electrophysiology in the Teaching Laboratory,Other insects; Students as their own subjects,Other insects; Students as their own subjects,,,Drosophila (fruit fly) 1; Other fish 2; Crayfish 1; Other crustaceans 1; Other insects 4; Snail 1; Earthworm 1; Plants & algae 1; Students as their own subjects 10,
JUNE-16-3-20,Muscle Spindles and Our Sense of Physical Self: Kinesthetic Illusions of Limb Position and Posture,Students as their own subjects,Students as their own subjects,,,Crayfish 1; Students as their own subjects 22,"ural  control under the different co nditions. surface emg  electrodes were placed on the gastrocnemius and tibialis leg  muscles, digitized with"
JUNE-16-3-21,Probing Synaptic Transmission and Behavior in Drosophila with Optogenetics: A Laboratory Exercise,Drosophila (fruit fly),Drosophila (fruit fly),,,Drosophila (fruit fly) 26; Plants & algae 2; Students as their own subjects 1,
JUNE-17-1-03,Analysis of Student Attitudes of a Neurobiology Themed Inquiry Based Research Experience in First Year Biology Labs,C. elegans,C. elegans,,,C. elegans 6,
JUNE-17-1-04,Recommendations for Developing an EEG Laboratory at a Primarily Undergraduate Institution,Students as their own subjects,Students as their own subjects,,,Rat 1; Zebrafish 1; Students as their own subjects 117,"ommunication.  since the rooms are immediately  adjacent to one another, having the researcher enter the  testing space when approp"
JUNE-17-1-05,Neuroscience and Sustainability: An Online Module on “Environmental Neuroscience”,,,,,Students as their own subjects 1,
JUNE-17-1-07,The Neuroscience Classroom Remodeled with Team-Based Learning,Rat,Rat,,,Rat 9; Other rodents 1,
JUNE-17-1-08,Teaching Dose-response Relationships Through Aminoglycoside Block of Mechanotransduction Channels in Lateral Line Hair Cells of Larval Zebrafish,Zebrafish,Zebrafish,,,Rat 1; Zebrafish 37; Chick / birds 1; Plants & algae 1,
JUNE-17-1-09,Raising Awareness About Prescription and Stimulant Abuse in College Students Through On-Campus Community Involvement Projects,,,,,Students as their own subjects 1,
JUNE-17-1-10,"A Report on the Qualities, Skills, and Characteristics Desired by Top Neuroscience Graduate Programs",Other rodents,Other rodents,,,Other rodents 7,
JUNE-17-1-11,Impact of Experiential Neuroscience of Meditation Course on Attitudes Toward Mediation and Science,Sheep / pig / cow; Students as their own subjects,Sheep / pig / cow; Students as their own subjects,,,Sheep / pig / cow 3; Students as their own subjects 8,ractices and observing how one  responds;  2) learning from one another  by using  experimental methodology to measure classm ates’
JUNE-17-1-12,Using iBiology as a Tool for Undergraduate Neuroscience Education,,,,,C. elegans 1,
JUNE-17-1-13,The Behavioral Effects of Oral Psychostimulant Ingestion on a Laboratory Rat Sample: An Undergraduate Research Experience,Rat; Other rodents,Rat; Other rodents,,,Rat 25; Mouse 1; Other rodents 10; Plants & algae 1,
JUNE-17-1-14,Using a Contrast Illusion to Teach Principles of Neural Processing,Students as their own subjects,Students as their own subjects,,,Rat 1; Non-human primates 1; Students as their own subjects 40,lf - selected groups where they worked together to measure  each other’s thresholds for seeing the illusion under four  different 
JUNE-17-1-15,"Engaging, Entertaining, and Educating Under-Served and At-Risk Youth with STEM-Based Activities",,,,,Rat 1; Mouse 1; Cat / dog 1; Non-human primates 1; Students as their own subjects 1,
JUNE-17-1-16,Classroom-Based Research Experiences to Support Underserved STEM Student Success: From Introductory Inquiry to Optogenetics in the Embryonic Chicken,Other invertebrates; Chick / birds; Plants & algae,Other invertebrates; Chick / birds; Plants & algae,,,Other crustaceans 1; Snail 1; Other invertebrates 5; Chick / birds 11; Plants & algae 4,
JUNE-17-1-17,How to Train a Honey Bee,Honey bee; Other invertebrates,Honey bee; Other invertebrates,,,Other rodents 1; Honey bee 123; Other insects 2; Other invertebrates 3,
JUNE-17-2-03,Long Term Potentiation in Mouse Hippocampal Slices in an Undergraduate Laboratory Course,Mouse,Mouse,,,Rat 1; Mouse 23; Crayfish 1,
JUNE-17-2-04,Hands-on Undergraduate Experiences Using Low-Cost Electroencephalography (EEG) Devices,Students as their own subjects,Students as their own subjects,,,Students as their own subjects 91,le to have hands -on  experience designing and implementing their own eeg  experiments.       students used the eeg systems throughou
JUNE-17-2-05,Development of an Introductory Neuroscience Teaching Experience for Undergraduates with a Low-Cost Neuroscience Summer Academy,,,,,Cat / dog 1; Students as their own subjects 7,
JUNE-17-2-06,An Effective Model for Engaging Faculty and Undergraduate Students in Neuroscience Outreach with Middle Schoolers,Sheep / pig / cow,Sheep / pig / cow,,,Sheep / pig / cow 5; Students as their own subjects 14,
JUNE-17-2-09,Neuroscience and Education Colleagues Collaborate to Design and Assess Effective Brain Outreach for Preschoolers,,,,,Students as their own subjects 4,
JUNE-17-2-11,An Electrophysiological Investigation of Power-Amplification in the Ballistic Mantis Shrimp Punch,Other crustaceans; Cockroach; Cricket; Other insects; Students as their own subjects,Other crustaceans; Cockroach; Cricket; Other insects; Students as their own subjects,,,Crayfish 1; Other crustaceans 60; Cockroach 15; Cricket 20; Other insects 6; Snail 1; Other invertebrates 2; Frog / Xenopus 1; Salamander / axolotl 1; Students as their own subjects 33,e mantis shrimp  and cricket burst durations were closer to each other than to  that of the cockroach.  the mantis shrimp and cric
JUNE-18-1-03,Cognitive and Non-Cognitive Outcomes Associated with Student Engagement in a Novel Brain Chemoarchitecture Mapping Course-Based Undergraduate Research Experience,Rat; Mouse,Rat; Mouse,,,Rat 12; Mouse 3; Sheep / pig / cow 1; Cat / dog 2,
JUNE-18-1-04,Everyday Neuroscience: A Community Engagement Course,,,,,Sheep / pig / cow 1; Students as their own subjects 7,
JUNE-18-1-05,Quantitative Indicators of Continued Growth in Undergraduate Neuroscience Education in the US,,,,,Students as their own subjects 1,
JUNE-18-1-06,Modulating the Zebrafish Camouflage Response Pathway to Illustrate Neuroendocrine Control Over a Robust and Quantifiable Behavior,Zebrafish,Zebrafish,,,Zebrafish 26,
JUNE-18-1-07,Versatile Undergraduate Neurobiology Course-Based Research Experiences Using Open Access 3D Electron Microscopy Image Volumes,Rat; Mouse; Other rodents,Rat; Mouse; Other rodents,,,Rat 4; Mouse 3; Other rodents 3; C. elegans 1; Zebrafish 1; Chick / birds 1; Cat / dog 1,
JUNE-18-1-09,‘Without A Key’: A Classroom Case Study,,,,,Non-human primates 1,
JUNE-18-1-10,3D Printing Neuron Equivalent Circuits: An Undergraduate Laboratory Exercise,,,,,Students as their own subjects 1,
JUNE-18-2-03,Interactive Student-Centered Neuroscience Workshops for Sixth Graders Enhance Science Knowledge and Education Attitudes,Sheep / pig / cow,Sheep / pig / cow,,,Sheep / pig / cow 5; Students as their own subjects 4,
JUNE-18-2-04,Chick Embryonic Primary Astrocyte Cultures Provide an Effective and Scalable Model for Authentic Research in a Laboratory Class,Chick / birds,Chick / birds,,,Chick / birds 22; Sheep / pig / cow 2,
JUNE-18-2-05,Using Drosophila Motor Mutants to Teach Neurodevelopment in an Undergraduate Neurobiology Lab,Drosophila (fruit fly),Drosophila (fruit fly),,,Drosophila (fruit fly) 23,
JUNE-18-2-06,Comparing Active Learning to Team-Based Learning in Undergraduate Neuroscience,,,,,Rat 1,
JUNE-18-2-07,Cocktail Napkin Presentations: Design of an Activity to Enhance Undergraduate Communication and Critical Evaluation of Neuroscience Primary Literature,,,,,Students as their own subjects 1,
JUNE-18-2-08,Quantifying the Effects of Two Local Anesthetics on the Crayfish Stretch Receptor Organ: An Integrated Neurophysiology Lab,Crayfish; Other crustaceans,Crayfish; Other crustaceans,,,Crayfish 60; Other crustaceans 5; Other invertebrates 1; Frog / Xenopus 2,
JUNE-19-1-02,Reproducible Quantitative Stimulation Allows New Analysis of Crayfish Muscle Receptor Organ Responses,Crayfish,Crayfish,,,Drosophila (fruit fly) 1; Crayfish 39; Other crustaceans 2; Other insects 1; Students as their own subjects 4,
JUNE-19-1-03,Dissecting the Molecular and Neural Circuit Bases of Behavior as an Introduction to Discovery-Driven Research: A Report on a Course-Based Undergraduate Research Experience,Drosophila (fruit fly),Drosophila (fruit fly),,,Drosophila (fruit fly) 32; Crayfish 1,
JUNE-19-1-04,Evaluation of Students’ Conceptual Organization of Neuroscience May Depend on the Expert Referent,,,,,Students as their own subjects 1,
JUNE-19-1-05,"Physiologists Turned Geneticists: Identifying Transcripts and Genes for Neuronal Function in the Marbled Crayfish, Procambarus virginalis",Crayfish; Other crustaceans; Other invertebrates,Crayfish; Other crustaceans; Other invertebrates,,,Drosophila (fruit fly) 1; Crayfish 40; Other crustaceans 10; Other invertebrates 3,
JUNE-19-1-06,Integrating Research into the Undergraduate Curriculum: 1. Early Research Experiences and Training,,,,,Students as their own subjects 1,
JUNE-19-1-07,Integrating Research into the Undergraduate Curriculum: 2. Scaffolding Research Skills and Transitioning toward Independent Research,,,,,Other rodents 1; Other insects 1,
JUNE-19-1-10,Learning How to Code While Analyzing an Open Access Electrophysiology Dataset,Mouse,Mouse,,,Mouse 15,
JUNE-19-1-11,Non-Disposable Assignments for Remote Neuroscience Laboratory Teaching Using Analysis of Human Data,,,,,Students as their own subjects 1,
JUNE-19-1-13,Developing and Implementing Low-Cost Remote Laboratories for Undergraduate Biology and Neuroscience Courses,Students as their own subjects,Students as their own subjects,,,Students as their own subjects 23,
JUNE-19-1-14,Inexpensive Methods for Live Imaging of Central Pattern Generator Activity in the Drosophila Larval Locomotor System,Drosophila (fruit fly),Drosophila (fruit fly),,,Mouse 1; Drosophila (fruit fly) 10; Other crustaceans 1; Other insects 2; Other invertebrates 2; Frog / Xenopus 2,
JUNE-19-1-15,Building Your Own Neuroscience Equipment: A Precision Micromanipulator and an Epi-fluorescence Microscope for Calcium Imaging,Drosophila (fruit fly); Crayfish,Drosophila (fruit fly); Crayfish,,,Drosophila (fruit fly) 4; Crayfish 4; Other insects 1,
JUNE-19-2-02,Effective Use of Student-Created Case Studies as Assessment in an Undergraduate Neuroscience,Cat / dog,Cat / dog,,,Mouse 2; Cat / dog 7,
JUNE-19-2-03,Teaching Neuroimmunology to Undergraduate Students: Resource for Full Course or Modular Implementation,Mouse,Mouse,,,Rat 1; Mouse 13; Drosophila (fruit fly) 1; Other invertebrates 1; Cat / dog 1; Students as their own subjects 1,
JUNE-19-2-04,Teaching Computation in Neuroscience: Notes on the 2019 Society for Neuroscience Professional Development Workshop on Teaching,,,,,Reptiles 1,
JUNE-19-2-07,"Reading the Brain: An Interdisciplinary First-Year Seminar on the Intersection of Neuroscience, Literature, and Popular Culture",,,,,Cat / dog 2; Non-human primates 1,
JUNE-19-2-08,"Assessment of Mapping the Brain , a Novel Research and Neurotechnology Based Approach for the Modern Neuroscience Classroom",Mouse,Mouse,,,Mouse 10; Cockroach 1,
JUNE-19-2-09,A Course-Based Research Experience Using the Allen Brain Map: From Research Question to Poster Session,Mouse,Mouse,,,Mouse 10,
JUNE-19-2-10,Phantom Limb Pain: Feeling Sensation from a Limb That is No Longer Present and What it Can Reveal about Our Brain Anatomy,Students as their own subjects,Students as their own subjects,,,Students as their own subjects 24,"s less on by conducting a two-point  discrimination test on each other (or on a volunteer at  home), thus students are not passive"
JUNE-20-1-04,DRD4 Allele Frequency as a Lab Exercise in Neuroscience and Genetics Courses,,,,,Plants & algae 2,
JUNE-20-1-05,Pedagogical Activities for Assessing Human and Rat Taste-Related Behavioral Responses to Gymnema sylvestre,Rat; Plants & algae; Students as their own subjects,Rat; Plants & algae; Students as their own subjects,,,Rat 40; Mouse 1; Other rodents 1; Sheep / pig / cow 1; Cat / dog 2; Non-human primates 1; Plants & algae 3; Students as their own subjects 33,emonstrations of altered  perception of sweet and bitter in student participants with a  laboratory taste reactivity prot ocol in which rat 
JUNE-20-1-07,"The Spine Lab: A Short-Duration, Fully-Remote Course-Based Undergraduate Research Experience",Mouse; Cat / dog,Mouse; Cat / dog,,,Mouse 14; Cat / dog 14,
JUNE-20-1-11,Open-Ended Inquiry into Zebrafish Nerve Development Using Image Analysis,Zebrafish,Zebrafish,,,Zebrafish 38,
JUNE-20-1-13,Quantitative Characterization of Output from the Directionally Selective Visual Interneuron H1 in the Grey Flesh Fly Sarcophaga bullata,Drosophila (fruit fly); Other insects,Drosophila (fruit fly); Other insects,,,Drosophila (fruit fly) 9; Crayfish 1; Other crustaceans 1; Other insects 6; Other invertebrates 1; Students as their own subjects 1,
JUNE-20-1-14,Pandemic Teaching: Using the Allen Cell Types Database for Final Semester Projects in an Undergraduate Neurophysiology Lab Course,Mouse; Snail; Plants & algae,Mouse; Snail; Plants & algae,,,Mouse 9; Drosophila (fruit fly) 1; Crayfish 1; Snail 4; Other invertebrates 1; Plants & algae 3; Students as their own subjects 3,
JUNE-20-1-15,The Simpsons Neuron: A Case Study Exploring Neuronal Coding and the Scientific Method for Introductory and Advanced Neuroscience Courses,,,,,Other rodents 2,
JUNE-20-2-06,Increasing Self-Compassion: Review of the Literature and Recommendations,,,,,Students as their own subjects 1,
JUNE-20-2-11,FraidyRat: A Virtual Module Examining the Neural Circuitry Underlying Fear Conditioning,Rat,Rat,,,Rat 15; Students as their own subjects 1,
JUNE-20-2-12,Enhancing Student Research Experiences with Open Data from the Allen Brain Map,Mouse,Mouse,,,Mouse 14; Drosophila (fruit fly) 1,
JUNE-20-2-14,Teaching About Sex and Gender in Neuroscience: More Than Meets the “XY”,,,,,Mouse 2; Other insects 1; Chick / birds 2,
JUNE-20-2-15,"PROJECT DiViNe: DIVERSE VOICES IN NEUROSCIENCE: Profiles of Rita Levi-Montalcini, Ricardo Miledi, Simon LeVay, Erich Jarvis, and Steve Ramirez",Mouse; Squid / octopus; Frog / Xenopus; Chick / birds,Mouse; Squid / octopus; Frog / Xenopus; Chick / birds,,,Rat 1; Mouse 8; Other rodents 2; Squid / octopus 10; Frog / Xenopus 4; Reptiles 2; Chick / birds 10,
JUNE-20-2-17,Virtual/Remote Labs for Fluorescent Immunocytochemistry or Western Blotting: The Next Best Thing to Being There,Mouse,Mouse,,,Mouse 4; Sheep / pig / cow 1,
JUNE-20-2-23,A Resource to Future Proof the Laboratory in Uncertain Times,Cockroach; Frog / Xenopus; Students as their own subjects,Cockroach; Frog / Xenopus; Students as their own subjects,,,Cockroach 3; Earthworm 2; Frog / Xenopus 3; Students as their own subjects 44,
JUNE-20-2-25,Neurosim: Some Thoughts on Using Computer Simulation in Teaching Electrophysiology,Squid / octopus,Squid / octopus,,,Cockroach 1; Squid / octopus 4; Earthworm 1; Chick / birds 1,
JUNE-20-2-27,Neuroscience Ambassadors: Creating a Network of Academia-Community Partnerships,Rat; Other crustaceans; Sheep / pig / cow; Cat / dog,Rat; Other crustaceans; Sheep / pig / cow; Cat / dog,,,Rat 14; Mouse 2; Other crustaceans 11; Sheep / pig / cow 8; Cat / dog 14; Students as their own subjects 8,
JUNE-20-3-04,Active Learning and Community Engagement: Pedagogical Synergy through the “Mobile Neuroscience Lab” Project,Sheep / pig / cow,Sheep / pig / cow,,,Drosophila (fruit fly) 1; Honey bee 1; Earthworm 1; Sheep / pig / cow 11; Students as their own subjects 4,
JUNE-20-3-05,Effective Development of a Remote Full-Day Summer Neuroscience Program at the University of Pennsylvania,Sheep / pig / cow,Sheep / pig / cow,,,Sheep / pig / cow 5; Students as their own subjects 1,
JUNE-20-3-06,Feasibility and Utility of a Virtual Reality Laboratory Exercise in an Undergraduate Neuroscience Course,,,,,Mouse 1; Sheep / pig / cow 1,
JUNE-20-3-08,Opportunities to Discuss Diversity-Related Topics in Neuroscience Courses,,,,,Rat 1; Students as their own subjects 2,
JUNE-20-3-09,Recording from Snail Motor Nerves to Investigate Central Pattern Generation,Crayfish; Snail,Crayfish; Snail,,,Crayfish 9; Other crustaceans 2; Other insects 2; Snail 67; Other invertebrates 2; Chick / birds 1; Cat / dog 1; Plants & algae 1; Students as their own subjects 2,
JUNE-20-3-10,The FUN Exchange: A Community-Driven Repository of Resources for Neuroscience Educators,,,,,Students as their own subjects 1,
JUNE-20-3-11,Measuring Sex Differences in the Corpus Callosum by Undergraduates at a Small and a Large Institution,,,,,Mouse 2; Non-human primates 1,
JUNE-21-1-03,"Teaching Neuroscience: Reviving Neuroanatomy, Notes on the 2022 Society for Neuroscience Professional Development Workshop on Teaching",Mouse,Mouse,,,Mouse 10; Other invertebrates 1; Frog / Xenopus 1; Sheep / pig / cow 1; Non-human primates 1; Students as their own subjects 1,
JUNE-21-1-09,Using Zebrafish Embryos to Study Pharmacological Effects on Neural Development in Hands-On Neurobiology Laboratory Activities,Zebrafish,Zebrafish,,,Other rodents 2; Drosophila (fruit fly) 1; Zebrafish 75; Chick / birds 1,
JUNE-21-2-05,An Affordable Three-Dimensional (3D) Printed Recording Chamber for Two-Electrode Voltage Clamp Electrophysiology,Frog / Xenopus,Frog / Xenopus,,,Rat 1; Frog / Xenopus 5,
JUNE-21-2-06,The COVID-19 and Taste Lab: A Mini Course-based Undergraduate Research Experience on Taste Differences and COVID-19 Susceptibility,Students as their own subjects,Students as their own subjects,,,Students as their own subjects 57,"nd campolattaro, 2016).  in all these prior taste  studies, students served as test subjects  and qualitative  perception instruments were"
JUNE-21-2-07,Sleepy Mice Case Study: Implementation and Assessment,Mouse,Mouse,,,Mouse 23,
JUNE-21-2-09,The NEURON Program: Utilizing Low-Cost Neuroscience for Remote Education Outreach,Cockroach,Cockroach,,,Cockroach 15; Other insects 1; Plants & algae 1; Students as their own subjects 1,
JUNE-21-2-10,An Undergraduate Laboratory Series Using C. elegans That Prepares Students for Independent Inquiry,C. elegans,C. elegans,,,Mouse 2; Drosophila (fruit fly) 1; C. elegans 54,
JUNE-21-2-11,Quantitative and Qualitative Representation of Introductory and Advanced EEG Concepts: An Exploration of Different EEG Setups,Students as their own subjects,Students as their own subjects,,,Students as their own subjects 57,"ds the electrical activity of cortical brain regions  using electrodes placed on the scalp (britton et al., 2016).  incorporating the eeg te"
JUNE-21-2-12,Smartphone-enabled Web-based Simulation of Cellular Neurophysiology for Laboratory Course and its Effectiveness,,,,,Cockroach 1; Cricket 1; Squid / octopus 1; Earthworm 1; Frog / Xenopus 1,
JUNE-21-2-13,Effects of a Service-Learning Neuroscience Course on Mood and Intergroup Anxiety,,,,,Students as their own subjects 3,
JUNE-22-1-02,A Versatile Semester-Long Course-Based Undergraduate Research Experience using Optogenetics and RNAi to Identify Genes Important for Synapse Function,C. elegans; Students as their own subjects,C. elegans; Students as their own subjects,,,C. elegans 31; Students as their own subjects 6,groups of 4 that work  together throughout the semester.    student participants and data collection/analysis  this pedagogical study was re
JUNE-22-1-03,PopScience: Teaching Students to Communicate Scientific Findings to the General Public,,,,,Rat 1,
JUNE-22-1-05,Does Insomnia Cause Revenge Seeking Behavior? Using a Puzzle-Based Sleep Lab Educational Escape Room to Teach Circadian Rhythms in a Large Introductory Neuroscience Course,Students as their own subjects,Students as their own subjects,,,Students as their own subjects 11,"served unintended effects of learning by students  teaching each other (veldkamp et al., 2020).        the goals of the sleep lab "
JUNE-22-1-06,Poppy Seed Consumption and Oral Fluid Opioids Detection: A Classroom Demonstration of Psychopharmacological Concepts,,,,,Mouse 2; Sheep / pig / cow 2; Plants & algae 2; Students as their own subjects 1,
JUNE-22-1-07,Using Drosophila Two-Choice Assay to Study Optogenetics in Hands-On Neurobiology Laboratory Activities,Drosophila (fruit fly),Drosophila (fruit fly),,,Mouse 1; Drosophila (fruit fly) 14; Cockroach 1; Cricket 1; Earthworm 1; Sheep / pig / cow 1; Students as their own subjects 7,
JUNE-22-1-09,Primary Afferent Depolarization and the Gate Control Theory of Pain: A Tutorial Simulation,,,,,Other insects 1; Squid / octopus 2; Students as their own subjects 5,
JUNE-22-1-10,CASE STUDY: Mapping Human Neuronal Diversity in the Search for New Therapeutics: Using Real Human Neuron Data Sets to Build Student Quantitative Skills,,,,,Other rodents 1,
JUNE-22-2-07,A Case for the Use of Open Data as a Tool to Incorporate Socioscientific Topics into Neuroscience Education,,,,,Chick / birds 1,
JUNE-22-2-08,Integrating Programming into Neuroscience Courses,,,,,Mouse 1; Earthworm 1; Students as their own subjects 5,
JUNE-22-2-09,"Designing and Teaching Courses on Sex, Gender, and the Brain: Two Implementations in the Undergraduate Classroom",,,,,Mouse 2; Other rodents 2; Drosophila (fruit fly) 1; C. elegans 1; Chick / birds 1; Sheep / pig / cow 1; Students as their own subjects 1,
JUNE-22-2-10,"microPublication Biology : An introduction to Publishing and Teaching with a Small-Format, Peer-Reviewed Journal",,,,,C. elegans 2,
JUNE-22-2-13,Mini-Symposium: Training the Trainers of the Next Generation of Neuroscience Advocates,,,,,Other rodents 1,
JUNE-22-2-14,"Centering Diversity, Equity, and Inclusion in Graduate Admissions",,,,,Other invertebrates 1,
JUNE-22-2-16,Making an Effective Flipped Neuroscience Lab by Approaching Students from their Emoticons,Cockroach; Cricket,Cockroach; Cricket,,,Mouse 2; Cockroach 8; Cricket 3,
JUNE-22-3-02,Sherlock Holmes and the Neurophysiologists: Unraveling the “Mystery” of Active Learning Success,,,,,Crayfish 2; Students as their own subjects 1,
JUNE-22-3-03,Integrating Intercultural Competence into a Neuroscience Curriculum through a Short-Term Study Abroad Program,,,,,Students as their own subjects 2,
JUNE-22-3-04,Use of Buzz Buttons to Illustrate Taste Perception Principles in a Sensation and Perception Laboratory Exercise,Plants & algae; Students as their own subjects,Plants & algae; Students as their own subjects,,,Mouse 2; Plants & algae 7; Students as their own subjects 72," at worcester state university (wsu), as well as data  from student subjects. since sensation and perception is  taught at an intermedia"
JUNE-22-3-05,Forbidden Neurds: A Neuroscience Word Game,Rat,Rat,,,Rat 5,
JUNE-22-3-06,Low-Cost Classroom and Laboratory Exercises for Investigating Both Wave and Event-Related Electroencephalogram Potentials,Students as their own subjects,Students as their own subjects,,,Students as their own subjects 38,w.     laboratory p300 acquisition  participants placed the electrodes attached to the electrode- fitted headband at locations pz and p4 by do
JUNE-22-3-07,Neurosimilator for Undergraduate Biophysics and Neurophysiology Courses,Plants & algae,Plants & algae,,,Other crustaceans 1; Cockroach 1; Cricket 1; Squid / octopus 1; Earthworm 1; Plants & algae 3,
JUNE-22-3-12,Virtual Dissection Table Case Studies for Undergraduate Neuroanatomy Written Assignments,,,,,Non-human primates 1,
JUNE-22-3-13,"Interactive Notebooks Improve Students’ Understanding of Developmental Neurobiology, Attitudes Toward Research, and Experimental Design Competency in a Lecture-Based Neuroscience Course",,,,,Zebrafish 1,
JUNE-22-3-14,An In-depth Exploration of the Interplay between fMRI Methods and Theory in Cognitive Neuroscience,Chick / birds; Cat / dog; Students as their own subjects,Chick / birds; Cat / dog; Students as their own subjects,,,Chick / birds 4; Cat / dog 12; Non-human primates 2; Plants & algae 2; Students as their own subjects 11,
JUNE-22-3-15,Using BioRender for Active Learning: Exploring Learning-Style Preference and Visual-Spatial Ability in Undergraduate Students,,,,,Rat 2,
JUNE-23-1-04,Effects of Gamification on Student Success and Perception of Instruction in Neuroanatomy: A Retrospective Analysis,,,,,Sheep / pig / cow 1; Cat / dog 1; Students as their own subjects 1,
JUNE-23-1-06,An Integrative Brain and Behavior CURE (Course-Based Undergraduate Research Experience) Using Immunohistochemistry in the Fighting Fish Betta splendens,Other fish,Other fish,,,Other rodents 1; Other fish 31; Plants & algae 2,
JUNE-23-1-07,How to Integrate Neuroethics into a Neuroscience Course – And Drive Student Engagement with Core Concepts,,,,,Mouse 1,
JUNE-23-2-03,A Cross-Course Experiment with a Word Recall Task and Salivary Cortisol Measurements,Students as their own subjects,Students as their own subjects,,,Students as their own subjects 64,psychological statistics and methods course.  two groups of student subjects were presented with one of  two sets of 25 word-image pairs
JUNE-23-2-09,Addiction Education in the Undergraduate Space: A Novel Course Connecting Neurobiology of Addiction and Compassion for Individuals with Substance Use Disorder,,,,,Rat 1,
JUNE-23-2-11,Biopsychology Lab: COMT Genotype Associations with Vagal Tone and Frontal Alpha Asymmetry,Students as their own subjects,Students as their own subjects,,,C. elegans 1; Students as their own subjects 68, in the biopsych  cure conducted a prospective cohort study on themselves  to examine whether there would be differences between  rs4
JUNE-24-1-01,A Model for Statewide Educational Outreach to Undergraduates: Implications From a Neuropsychology Outreach Program,,,,,Drosophila (fruit fly) 1; Non-human primates 1; Students as their own subjects 1,
JUNE-24-1-02,A Novel Practical Session to Teach Concepts of Allometric Scaling of Brain Structures to Undergraduate Students Using Vertebrate Brains,Sheep / pig / cow,Sheep / pig / cow,,,Other rodents 1; Drosophila (fruit fly) 1; Sheep / pig / cow 29; Students as their own subjects 1,
JUNE-24-1-04,An Advanced Undergraduate Laboratory Course: Calcium Imaging and Data Analysis – a Mini Graduate Research Experience,Drosophila (fruit fly),Drosophila (fruit fly),,,Drosophila (fruit fly) 3; Cat / dog 1; Students as their own subjects 1,
JUNE-24-1-06,"Effect of Neutral and Negative Images on Galvanic Skin Response: An Activity for Courses in Forensic, Affective, and Behavioral Neuroscience",Students as their own subjects,Students as their own subjects,,,Drosophila (fruit fly) 1; Reptiles 1; Non-human primates 1; Students as their own subjects 56,"ided with sets of stimuli, and allowed to collect data from each other to provide a more direct and hands-on approach to the activ"
JUNE-24-1-07,Exploring the Impact of Online Education on Scientific Presentation Skills in Women Neuroscience Students,,,,,Drosophila (fruit fly) 1; Students as their own subjects 1,
JUNE-24-1-08,Investigating the Neural Control of Social Behavior in Drosophila melanogaster Using a Low-Cost Optogenetics System,Drosophila (fruit fly),Drosophila (fruit fly),,,Drosophila (fruit fly) 24; Students as their own subjects 1,
JUNE-24-1-09,Mindset Variations Among Undergraduate Neuroscience Students,,,,,Drosophila (fruit fly) 1; Students as their own subjects 2,
JUNE-24-1-11,The Simplified BrainTower and Pipe Cleaners: Model Building as a Learning Tool in Neuroscience,,,,,Drosophila (fruit fly) 1; Other insects 1; Students as their own subjects 1,
JUNE-24-1-12,Undergraduate Student Experience and Motivation Influence Perceived Benefits of Participation in Community Outreach,,,,,Drosophila (fruit fly) 1; Students as their own subjects 2,
JUNE-24-2-01,An Inquiry-Based Lab Exercise Investigating Student Cortisol Responses to Giving a Graded In-Class Presentation,Students as their own subjects,Students as their own subjects,,,Students as their own subjects 54,salivary cortisol’ and then to read the paper and work with their partner to put together a 5–7-minute presentation on the paper that
JUNE-24-2-02,Comparative Investigations of the Neurophysiological Mechanisms of Escape Behavior: A Course-based Undergraduate Research Experience,Zebrafish; Cricket; Other invertebrates,Zebrafish; Cricket; Other invertebrates,,,Other rodents 1; Drosophila (fruit fly) 1; C. elegans 1; Zebrafish 46; Crayfish 1; Cricket 42; Other invertebrates 3; Students as their own subjects 1,
JUNE-24-2-03,"Creative, Socially-Minded Communication Project on Neurodivergences Increases Self-Reported Content Knowledge, Collaboration Skills, and Personal Allyship",,,,,Students as their own subjects 1,
JUNE-24-2-04,Fostering Belonging Through Introducing Diverse Scientists in Undergraduate Neuroscience Lectures,,,,,Students as their own subjects 1,
JUNE-24-2-05,MacGyver Neuroscience: Cost-Effective Laboratory Exercises for Pre-Health Education,Sheep / pig / cow,Sheep / pig / cow,,,Cockroach 1; Chick / birds 1; Sheep / pig / cow 12; Students as their own subjects 2,
JUNE-24-2-06,Spinal Cord Anatomy for Visually Impaired Students: The Development of 3D-Printed Educational Models,,,,,Students as their own subjects 1,
JUNE-24-2-07,Transforming a Large-Enrollment Neuroscience Course With Active Learning: Using AI-Based Text Analysis to Capture What Traditional Evaluations Miss,,,,,Students as their own subjects 1,
JUNE-24-2-08,Use of a Smartphone-Based App in an Online Behavioral Neuroscience Lab Course,Students as their own subjects,Students as their own subjects,,,Mouse 1; Students as their own subjects 12,"vely short fully online project, students collaborated with each other to compare cortical neuron spine density and structural mor"
JUNE-24-2-09,“I Can Code”: An Innovative Workshop Introducing Students to Coding in the Context of Neuroscience Research,,,,,Students as their own subjects 1,
