item_id,title,suggested,self_experiment,checked,note,evidence
JUNE-01-2-04,Testing the Relationship Between Levels of Endogenous Testosterone and Physiological Responses to Facial Expressions in Men: An Experiment Conducted by Students in an Undergraduate Behavioral Neuroscience Class,yes,,,,odes filled with an isotonicpaste and placed within 5 mm of one another on thehypothenar surface of the non-dominant hand (the smoo
JUNE-02-1-03,An Online Multimedia Resource in Behavioral Neuroscience,no,,,,
JUNE-02-2-05,Measuring Salivary Cortisol in the Behavioral Neuroscience Laboratory,yes,,,,re due to the social support that the group members offered each other which was not present in the uncrowded condition. perhaps a
JUNE-03-1-04,"Emotional Arousal, Blood Glucose Levels, and Memory Modulation: Three Laboratory Exercises in Cognitive Neuroscience",yes,,,,
JUNE-03-1-06,Allegheny College Hosts Neuroscience and Humanities Summer Institute,yes,,,,"sic, and by taking an active role in experimentation, using themselves as subjects.  this concept of doing rather than just observing"
JUNE-03-2-04,The Clinical Neuroscience Course: Viewing Mental Health from Neurobiological Perspectives,no,,,,
JUNE-03-2-06,Use of the Herb Gymnema sylvestre to Illustrate the Principles of Gustatory Sensation: An Undergraduate Neuroscience Laboratory Exercise,yes,,,, 2001).  this report  includes sample qualitative data from student subjects and  highlights a sugar/aspartame taste comparison that  il
JUNE-05-1-03,Functional Magnetic Resonance Imaging (fMRI): A Brief Exercise for an Undergraduate Laboratory Course,no,,,,
JUNE-07-1-05,Virtual EEG: A Software-Based Electroencephalogram Designed for Undergraduate Neuroscience-Related Courses,yes,,,,
JUNE-08-1-03,"Sex, Gender, and the Brain: A Non-Majors Course Linking Neuroscience and Women’s Studies",yes,,,,
JUNE-08-1-04,Vision and Art: An Interdisciplinary Approach to Neuroscience Education,yes,,,,uffer debilitating gaps in knowledge and  occasionally view themselves as less well prepared than  students who have received  conven
JUNE-09-1-05,A Visually-Induced Eyelid Droop Illusion as a Classroom Demonstration of Cross-Modality,yes,,,," separate impressions are in  reality fully integrated with each other.  second, standard  content in undergraduate classes and te"
JUNE-09-1-06,Teaching Basic Neurophysiology Using Intact Earthworms,no,,,,
JUNE-09-1-07,Meeting the Challenge of Preparing Undergraduates for Careers in Cognitive Neuroscience,yes,,,,
JUNE-09-1-09,Exploring the Complexities of Experimental Design: Using an On-line Reaction Time Program,yes,,,,
JUNE-09-1-11,Neural Networks: Making Connections about the Brain and about College,no,,,,nts (87 %) felt that they  had developed a greater sense of themselves as agents of  change as a result of the experience .  the thre
JUNE-09-2-07,"SYNAPSE, Symposium for Young Neuroscientists and Professors of the Southeast: A One-day, Regional Neuroscience Meeting Focusing on Undergraduate Research",no,,,,
JUNE-09-2-09,Music and the Mind: A New Interdisciplinary Course on the Science of Musical Experience,yes,,,," used often by the students to share  musical examples with each other.       to prepare for each class meeting, students read  va"
JUNE-10-1-11,Use of Personal EEG Monitors in a Behavioral Neuroscience Course to Investigate Natural Setting Sleep Patterns and the Factors Affecting Them in College Students,yes,,,,
JUNE-10-1-13,Design Plans for an Inexpensive Tail Flick Analgesia Meter,no,,,,
JUNE-10-2-03,Assessing Development of an Interdisciplinary Perspective in an Undergraduate Neuroscience Course,no,,,,
JUNE-10-2-07,Bio-amplifier with Driven Shield Inputs to Reduce Electrical Noise and its Application to Laboratory Teaching of Electrophysiology,yes,,,,"nough to allow the electrode  potentials to balance against each other, but sufficiently  higher than the electrodes’ impedance.  "
JUNE-11-1-24,Exploring Sensory Neuroscience Through Experience and Experiment,yes,,,,".  in effect, students can experiment  with illusions using themselves as subjects.    key words:  illusion, adaptation, aftereffect,"
JUNE-11-1-28,Classic Clinical Technique Adapted to Demonstrate Autonomic Nervous System Physiology in an Undergraduate Laboratory Course,yes,,,,
JUNE-11-1-29,The Homemade Alternative: Teaching Human Neurophysiology with Instrumentation Made (Almost) from Scratch,yes,,,,
JUNE-12-2-06,NeuroLab: A Set of Graphical Computer Simulations to Support Neuroscience Instruction at the High School and Undergraduate Level,no,,,,
JUNE-13-1-03,K-12 Neuroscience Education Outreach Program: Interactive Activities for Educating Students about Neuroscience,no,,,,uate/professional student  volunteers gain experience fro m each other and learn  important lessons about the creation/revision pr
JUNE-13-1-04,Students Apply Research Methods to Consumer Decisions About Cognitive Enhancing Drinks,yes,,,,"cognized as finalists  for the “best psychology poster” and one student was  selected as the eventual winner .  best of all, two studen"
JUNE-13-1-06,A Proposal for Undergraduate Students’ Inclusion in Brain Awareness Week: Promoting Interest in Curricular Neuroscience Components,yes,,,,"tests.  30  language  lecture  all animals communicate with each other, but  only humans speak and write. this is because  human l"
JUNE-13-1-08,Recording Field Potentials From Zebrafish Larvae During Escape Responses,no,,,,
JUNE-13-2-03,Dark Adaptation and Purkinje Shift: A Laboratory Exercise in Perceptual Neuroscience,no,,,,
JUNE-13-2-04,Brain Literate: Making Neuroscience Accessible to a Wider Audience of Undergraduates,yes,,,,"how well lectures from different faculty were  connected to one another, the stude nts r esponded  positively overal l (83% positiv"
JUNE-13-3-20,Student Friendly Technique to Demonstrate Coordination between Postural (Involuntary) and Voluntary Muscle Contractions,yes,,,,o measure the electrical  activity of the muscle underneath electrodes placed on the  skin.  virtually any human -safe bio amplifier us ed f
JUNE-14-1-06,Developing the Next Generation of Civic-Minded Neuroscience Scholars: Incorporating Service Learning and Advocacy Throughout a Neuroscience Program,no,,,,ment tool  for the station.  the students are supportive of each other  and develop a sense of empowerment that leads them to  emb
JUNE-14-2-08,Incorporating an ERP Project into Undergraduate Instruction,yes,,,,"practice presenting their research.  through the design of  their own eeg experiment, students gained invaluable  experience in the c"
JUNE-14-2-13,Breadboard Amplifier: Building and Using Simple Electrophysiology Equipment,yes,,,,able to build a working  device and using it to record from their own muscles.       key words: electromyography; electrical circuits; re
JUNE-15-1-07,"The Influence of Assay Design, Blinding, and Gymnema sylvestre on Sucrose Detection by Humans",yes,,,,
JUNE-15-1-09,Are Electrode Caps Worth the Investment? An Evaluation of EEG Methods in Undergraduate Neuroscience Laboratory Courses and Research,yes,,,,", 15(1):a29-a37    a31      oz), and the negative channel 1 electrode was placed on  the right side  of the forehead halfway between the  eyebr"
JUNE-15-1-12,The Miracle Fruit: An Undergraduate Laboratory Exercise in Taste Sensation and Perception,yes,,,,
JUNE-15-1-13,The Establishment of an On-Campus Neurotraining Center at a Small University: Internship Experience Using Neuropsychological Techniques,no,,,,
JUNE-15-1-15,From Botox to Behavior: Neuroscience for Non-scientists at Emory,no,,,,
JUNE-15-2-05,"Neurogaming Technology Meets Neuroscience Education: A Cost-Effective, Scalable, and Highly Portable Undergraduate Teaching Laboratory for Neuroscience",yes,,,," and methods in neuroscie nce by  recording and visualizing their own brain activity in real-time.  specially, the laboratory use d the"
JUNE-15-2-08,Recognition Without Words: Using Taste to Explore Survival Processing,yes,,,,
JUNE-15-2-12,"The Use of Modular, Electronic Neuron Simulators for Neural Circuit Construction Produces Learning Gains in an Undergraduate Anatomy and Physiology Course",yes,,,,
JUNE-16-1-08,Measuring Salivary Alpha-Amylase in the Undergraduate Neuroscience Laboratory,yes,,,,of these different aspects of autonomic  activity relate to each other is an area of active  investigation.  the symmetry or asymm
JUNE-16-1-13,Using Action-Mapping to Design a Non-Majors Neuroeconomics Course to Teach First-Year Collegiate Skills,yes,,,, at several phases in  the project to convey information to each other and to  public audiences.       randolph-macon college in a
JUNE-16-1-16,Integrating Brain Science into Health Studies: An Interdisciplinary Course in Contemplative Neuroscience and Yoga,no,,,,
JUNE-16-2-04,Clinical Neuroscience in Practice: An Experiential Learning Course for Undergraduates Offered by Neurosurgeons and Neuroscientists,yes,,,," see the very eeg and emg recordings that  they obtained on each other during their  introduction to ns laboratories, being applie"
JUNE-16-2-08,A Low-Cost Morris Water Maze for Undergraduate Research: Construction and Demonstration in a Rat Model of Obesity-Induced Diabetes,yes,,,,
JUNE-16-2-12,Aversive and Appetitive Learning in Drosophila Larvae: A Simple and Powerful Suite of Laboratory Modules for Classroom or Open-ended Research Projects,no,,,,
JUNE-16-3-08,Recording EMG Signals on a Computer Sound Card,yes,,,,"e ground points   indicated in the circuit are connected to each other, to the  ground electrode on the skin, to the negative side"
JUNE-16-3-12,NeuroBytes Electronic Neuron Simulators and the 2017 FUN Summer Workshop,yes,,,,"d input signals from the same dendrite  can also build upon each other, allowing experimentation  with te mporal summation .  inte"
JUNE-16-3-19,Reducing the Cost of Electrophysiology in the Teaching Laboratory,yes,,,,
JUNE-16-3-20,Muscle Spindles and Our Sense of Physical Self: Kinesthetic Illusions of Limb Position and Posture,yes,,,,"ural  control under the different co nditions. surface emg  electrodes were placed on the gastrocnemius and tibialis leg  muscles, digitized with"
JUNE-17-1-04,Recommendations for Developing an EEG Laboratory at a Primarily Undergraduate Institution,yes,,,,"ommunication.  since the rooms are immediately  adjacent to one another, having the researcher enter the  testing space when approp"
JUNE-17-1-11,Impact of Experiential Neuroscience of Meditation Course on Attitudes Toward Mediation and Science,yes,,,,ractices and observing how one  responds;  2) learning from one another  by using  experimental methodology to measure classm ates’
JUNE-17-1-14,Using a Contrast Illusion to Teach Principles of Neural Processing,yes,,,,lf - selected groups where they worked together to measure  each other’s thresholds for seeing the illusion under four  different 
JUNE-17-2-04,Hands-on Undergraduate Experiences Using Low-Cost Electroencephalography (EEG) Devices,yes,,,,le to have hands -on  experience designing and implementing their own eeg  experiments.       students used the eeg systems throughou
JUNE-17-2-05,Development of an Introductory Neuroscience Teaching Experience for Undergraduates with a Low-Cost Neuroscience Summer Academy,no,,,,niversity for risk management purposes.  two  undergraduate students participated as program facilitators  to meet the risk management departmen
JUNE-17-2-06,An Effective Model for Engaging Faculty and Undergraduate Students in Neuroscience Outreach with Middle Schoolers,no,,,,
JUNE-17-2-09,Neuroscience and Education Colleagues Collaborate to Design and Assess Effective Brain Outreach for Preschoolers,no,,,,"ademic -specific and educational  departments isolated from one another may be detrimental  to both groups (newton et al., 2010).  "
JUNE-17-2-11,An Electrophysiological Investigation of Power-Amplification in the Ballistic Mantis Shrimp Punch,yes,,,,e mantis shrimp  and cricket burst durations were closer to each other than to  that of the cockroach.  the mantis shrimp and cric
JUNE-18-1-04,Everyday Neuroscience: A Community Engagement Course,no,,,,"pening activity, students practiced the  patellar reflex on each other.  the main activity was to  observe the number of blinks ex"
JUNE-18-2-03,Interactive Student-Centered Neuroscience Workshops for Sixth Graders Enhance Science Knowledge and Education Attitudes,no,,,,"s and/or are first  generation college students to whom the student subjects  could relate.       lastly, given the established gender d"
JUNE-19-1-02,Reproducible Quantitative Stimulation Allows New Analysis of Crayfish Muscle Receptor Organ Responses,no,,,,
JUNE-19-1-13,Developing and Implementing Low-Cost Remote Laboratories for Undergraduate Biology and Neuroscience Courses,yes,,,,
JUNE-19-2-10,Phantom Limb Pain: Feeling Sensation from a Limb That is No Longer Present and What it Can Reveal about Our Brain Anatomy,yes,,,,"s less on by conducting a two-point  discrimination test on each other (or on a volunteer at  home), thus students are not passive"
JUNE-20-1-05,Pedagogical Activities for Assessing Human and Rat Taste-Related Behavioral Responses to Gymnema sylvestre,yes,,,,emonstrations of altered  perception of sweet and bitter in student participants with a  laboratory taste reactivity prot ocol in which rat 
JUNE-20-1-14,Pandemic Teaching: Using the Allen Cell Types Database for Final Semester Projects in an Undergraduate Neurophysiology Lab Course,no,,,,
JUNE-20-2-23,A Resource to Future Proof the Laboratory in Uncertain Times,yes,,,,
JUNE-20-2-27,Neuroscience Ambassadors: Creating a Network of Academia-Community Partnerships,no,,,,rg area public library: “we were immediately  interested in a partnership to bring neuroscience to our library users and were eag
JUNE-20-3-04,Active Learning and Community Engagement: Pedagogical Synergy through the “Mobile Neuroscience Lab” Project,no,,,,
JUNE-21-2-06,The COVID-19 and Taste Lab: A Mini Course-based Undergraduate Research Experience on Taste Differences and COVID-19 Susceptibility,yes,,,,"nd campolattaro, 2016).  in all these prior taste  studies, students served as test subjects  and qualitative  perception instruments were"
JUNE-21-2-11,Quantitative and Qualitative Representation of Introductory and Advanced EEG Concepts: An Exploration of Different EEG Setups,yes,,,,"ds the electrical activity of cortical brain regions  using electrodes placed on the scalp (britton et al., 2016).  incorporating the eeg te"
JUNE-21-2-13,Effects of a Service-Learning Neuroscience Course on Mood and Intergroup Anxiety,no,,,,"iformly, the college and  high school students did not know each other previously.      survey instruments   the college students "
JUNE-22-1-02,A Versatile Semester-Long Course-Based Undergraduate Research Experience using Optogenetics and RNAi to Identify Genes Important for Synapse Function,yes,,,,groups of 4 that work  together throughout the semester.    student participants and data collection/analysis  this pedagogical study was re
JUNE-22-1-05,Does Insomnia Cause Revenge Seeking Behavior? Using a Puzzle-Based Sleep Lab Educational Escape Room to Teach Circadian Rhythms in a Large Introductory Neuroscience Course,yes,,,,"served unintended effects of learning by students  teaching each other (veldkamp et al., 2020).        the goals of the sleep lab "
JUNE-22-1-07,Using Drosophila Two-Choice Assay to Study Optogenetics in Hands-On Neurobiology Laboratory Activities,no,,,,
JUNE-22-1-09,Primary Afferent Depolarization and the Gate Control Theory of Pain: A Tutorial Simulation,no,,,,
JUNE-22-2-08,Integrating Programming into Neuroscience Courses,no,,,,
JUNE-22-3-04,Use of Buzz Buttons to Illustrate Taste Perception Principles in a Sensation and Perception Laboratory Exercise,yes,,,," at worcester state university (wsu), as well as data  from student subjects. since sensation and perception is  taught at an intermedia"
JUNE-22-3-06,Low-Cost Classroom and Laboratory Exercises for Investigating Both Wave and Event-Related Electroencephalogram Potentials,yes,,,,w.     laboratory p300 acquisition  participants placed the electrodes attached to the electrode- fitted headband at locations pz and p4 by do
JUNE-22-3-14,An In-depth Exploration of the Interplay between fMRI Methods and Theory in Cognitive Neuroscience,yes,,,,
JUNE-23-2-03,A Cross-Course Experiment with a Word Recall Task and Salivary Cortisol Measurements,yes,,,,psychological statistics and methods course.  two groups of student subjects were presented with one of  two sets of 25 word-image pairs
JUNE-23-2-11,Biopsychology Lab: COMT Genotype Associations with Vagal Tone and Frontal Alpha Asymmetry,yes,,,, in the biopsych  cure conducted a prospective cohort study on themselves  to examine whether there would be differences between  rs4
JUNE-24-1-06,"Effect of Neutral and Negative Images on Galvanic Skin Response: An Activity for Courses in Forensic, Affective, and Behavioral Neuroscience",yes,,,,"ided with sets of stimuli, and allowed to collect data from each other to provide a more direct and hands-on approach to the activ"
JUNE-24-2-01,An Inquiry-Based Lab Exercise Investigating Student Cortisol Responses to Giving a Graded In-Class Presentation,yes,,,,salivary cortisol’ and then to read the paper and work with their partner to put together a 5–7-minute presentation on the paper that
JUNE-24-2-08,Use of a Smartphone-Based App in an Online Behavioral Neuroscience Lab Course,yes,,,,"vely short fully online project, students collaborated with each other to compare cortical neuron spine density and structural mor"
