PMID,Year,Author,Title,Category,PMC_ID
39810967,2024,Chivero ET,Primary Literature for Teaching Neuroimmunology,AMAZING PAPERS,PMC11728992
37588652,2023,Horn CM,Remyelination and Ageing,AMAZING PAPERS,PMC10426824
38322406,2023,Payne AJ,Teaching Synaptic Transmission Using Primary Literature,AMAZING PAPERS,PMC10768826
38322404,2023,Caccamo A,Unlocking Hidden Awareness fMRI,AMAZING PAPERS,PMC10768824
34552447,2021,Wilson JM,Examining Empathy through Consolation Behavior in Prairie Voles,AMAZING PAPERS,PMC8437368
34552445,2021,Strathern L,Mapping cognition with fMRI,AMAZING PAPERS,PMC8437366
33880105,2020,Ramos RL,Primary Literature In Clinical Neuroscience,AMAZING PAPERS,PMC8040837
33880106,2020,Elliott D,The Legacy of the Kennard Principle,AMAZING PAPERS,PMC8040834
33880107,2020,Housman HAR,Exploring Neuroplasticity in the Classroom,AMAZING PAPERS,PMC8040846
33880108,2020,Riegel DC,Discovering Memory Using Sea Slugs,AMAZING PAPERS,PMC8040845
