PMID,PMC_ID,Year,Author,Title,Category,DOI,iCite_Citation_Count,iCite_Citations_Per_Year,iCite_RCR,iCite_NIH_Percentile,iCite_Ref_Count,iCite_Provisional,EuropePMC_Citation_Count,Views_PMC,Downloads_PMC
39810967,PMC11728992,2024,Chivero ET,Primary Literature for Teaching Neuroimmunology,AMAZING PAPERS,10.59390/QLFC4698,0,0.0,0.0,0.0,,True,0,,
37588652,PMC10426824,2023,Horn CM,Remyelination and Ageing,AMAZING PAPERS,10.59390/SBPM5289,0,0.0,0.0,0.0,,False,0,,
38322406,PMC10768826,2023,Payne AJ,Teaching Synaptic Transmission Using Primary Literature,AMAZING PAPERS,10.59390/NYOR9047,0,0.0,0.0,0.0,,False,0,,
38322404,PMC10768824,2023,Caccamo A,Unlocking Hidden Awareness fMRI,AMAZING PAPERS,10.59390/ZWBM2077,0,0.0,0.0,0.0,,False,0,,
34552447,PMC8437368,2021,Wilson JM,Examining Empathy through Consolation Behavior in Prairie Voles,AMAZING PAPERS,,2,0.4,0.18,12.0,,False,2,,
34552445,PMC8437366,2021,Strathern L,Mapping cognition with fMRI,AMAZING PAPERS,,1,0.2,,,,False,1,,
33880105,PMC8040837,2020,Ramos RL,Primary Literature In Clinical Neuroscience,AMAZING PAPERS,,1,0.17,0.24,15.2,,False,1,,
33880106,PMC8040834,2020,Elliott D,The Legacy of the Kennard Principle,AMAZING PAPERS,,5,0.83,0.45,26.5,,False,4,,
33880107,PMC8040846,2020,Housman HAR,Exploring Neuroplasticity in the Classroom,AMAZING PAPERS,,3,0.5,0.17,11.4,,False,3,,
33880108,PMC8040845,2020,Riegel DC,Discovering Memory Using Sea Slugs,AMAZING PAPERS,,1,0.17,0.24,15.2,,False,1,,
