PMID,Year,Author,Title,Category,PubMed_Title,PubMed_PublicationTypes,PMC_ID,JATS_ArticleType,Status
39810967,2024,Chivero ET,Primary Literature for Teaching Neuroimmunology,AMAZING PAPERS,Primary Literature for Teaching Neuroimmunology - An Instructor's Resource.,Journal Article,PMC11728992,other,Success - PubMed + PMC
37588652,2023,Horn CM,Remyelination and Ageing,AMAZING PAPERS,Remyelination and Ageing: Ethical Considerations of Using Surgically Joined Animals in Research.,Journal Article,PMC10426824,research-article,Success - PubMed + PMC
38322406,2023,Payne AJ,Teaching Synaptic Transmission Using Primary Literature,AMAZING PAPERS,Teaching Synaptic Transmission Using Primary Literature: A Skills-Focused Pedagogical Approach.,Journal Article,PMC10768826,research-article,Success - PubMed + PMC
38322404,2023,Caccamo A,Unlocking Hidden Awareness fMRI,AMAZING PAPERS,Unlocking Hidden Awareness: Repurposing fMRI to Detect Levels of Consciousness.,Journal Article,PMC10768824,research-article,Success - PubMed + PMC
34552447,2021,Wilson JM,Examining Empathy through Consolation Behavior in Prairie Voles,AMAZING PAPERS,Examining Empathy Through Consolation Behavior in Prairie Voles.,Journal Article,PMC8437368,research-article,Success - PubMed + PMC
33880105,2020,Ramos RL,Primary Literature In Clinical Neuroscience,AMAZING PAPERS,Primary Literature In Clinical Neuroscience for In-Person Or Remote Instruction.,Journal Article,PMC8040837,research-article,Success - PubMed + PMC
33880106,2020,Elliott D,The Legacy of the Kennard Principle,AMAZING PAPERS,The Legacy of the Kennard Principle.,Journal Article,PMC8040834,research-article,Success - PubMed + PMC
33880107,2020,Housman HAR,Exploring Neuroplasticity in the Classroom,AMAZING PAPERS,Exploring Neuroplasticity in the Classroom: Teaching Cortical Reorganization in the Visual System with a Stroke Patient Study.,Journal Article,PMC8040846,research-article,Success - PubMed + PMC
33880108,2020,Riegel DC,Discovering Memory Using Sea Slugs,AMAZING PAPERS,Discovering Memory: Using Sea Slugs to Teach Learning and Memory.,Journal Article,PMC8040845,research-article,Success - PubMed + PMC
