DOI,URL,Type,Year,Month,Volume,Issue,Page,Title,Authors,Citations_CrossRef,References_Count
10.59390/001c.154559,https://doi.org/10.59390/001c.154559,journal-article,2025,12,24,1,,A Novel Practical Session to Teach Concepts of Allometric Scaling of Brain Structures to Undergraduate Students Using Vertebrate Brains,Cammies Christopher; Cavaciuti Kelly; Montgomery Stephen H.,0,21
10.59390/001c.155318,https://doi.org/10.59390/001c.155318,journal-article,2025,12,24,1,,Exploring the Impact of Online Education on Scientific Presentation Skills in Women Neuroscience Students,Dutton Stacey B. B.; Larimore Jennifer,0,14
10.59390/001c.146553,https://doi.org/10.59390/001c.146553,journal-article,2025,12,24,1,,A Model for Statewide Educational Outreach to Undergraduates: Implications From a Neuropsychology Outreach Program,Schaefer Lynn; Bertisch Hilary,0,44
10.59390/001c.146556,https://doi.org/10.59390/001c.146556,journal-article,2025,12,24,1,,Undergraduate Student Experience and Motivation Influence Perceived Benefits of Participation in Community Outreach,Martin Jason; Reina-Guerra Davis; Stone-Roy Leslie,0,18
10.59390/001c.154518,https://doi.org/10.59390/001c.154518,journal-article,2025,12,24,1,,AMAZING PAPERS in NEUROSCIENCE: Teaching Neurodevelopment Through the Discovery of Adult Neurogenesis,Cunningham Ryan,0,23
10.59390/001c.154550,https://doi.org/10.59390/001c.154550,journal-article,2025,12,24,1,,"Beyond the Brain Song: Can Music Help Us Teach Undergraduate Neuroscience? A Review of
                    <i>From Perception to Pleasure: The Neuroscience of Music and Why We Love It</i>",Craton Lincoln G.; McCoy John G.,0,5
10.59390/001c.153902,https://doi.org/10.59390/001c.153902,journal-article,2025,12,24,1,,The Simplified BrainTower and Pipe Cleaners: Model Building as a Learning Tool in Neuroscience,Doherty Andrew J; Howarth Joanna L,0,39
10.59390/001c.154215,https://doi.org/10.59390/001c.154215,journal-article,2025,12,24,1,,Mindset Variations Among Undergraduate Neuroscience Students,Jones Jade A.; Harrison Patrick R.; Hutson Bryant L.; Robertson Sabrina D.,0,39
10.59390/001c.154223,https://doi.org/10.59390/001c.154223,journal-article,2025,12,24,1,,An Advanced Undergraduate Laboratory Course: Calcium Imaging and Data Analysis – a Mini Graduate Research Experience,Bai Hua; Fu Zhuo; Ni Lina,0,41
10.59390/001c.147378,https://doi.org/10.59390/001c.147378,journal-article,2025,12,24,1,,"Investigating the Neural Control of Social Behavior in
                    <i>Drosophila ⁠melanogaster</i>
                    Using a Low-Cost Optogenetics System",Hoopfer Eric D.; Heidgerken-Greene Aaron,0,51
10.59390/001c.154876,https://doi.org/10.59390/001c.154876,journal-article,2025,12,24,1,,SfN 2025 Report: JUNE and FUN Faculty Awards,Kang Yuan Yuan; Reynolds Elaine R; Rose Jacqueline K,0,0
10.59390/001c.154524,https://doi.org/10.59390/001c.154524,journal-article,2025,12,24,1,,"Effect of Neutral and Negative Images on Galvanic Skin Response: An Activity for Courses in Forensic, Affective, and Behavioral Neuroscience",Flint Robert W.; Jagda Shania,0,76
10.59390/kcyi1299,https://doi.org/10.59390/kcyi1299,journal-article,2025,5,23,2,a44-a49,Teaching Principles of an Action Potential Using Candy,Surendran Shelini; Fall Lewis,0,0
10.59390/ipnn1533,https://doi.org/10.59390/ipnn1533,journal-article,2025,5,23,2,a82-a88,Addiction Education in the Undergraduate Space: A Novel Course Connecting Neurobiology of Addiction and Compassion for Individuals with Substance Use Disorder,Newman Leslie C; Swisshelm Ashley T,0,0
10.59390/vwem4773,https://doi.org/10.59390/vwem4773,journal-article,2025,5,23,2,a50-a55,Undergraduate Learning Assistants Using Online Messaging Improves Student Educational Experiences in Large Neuroscience Lecture Course,Lav Nicole S; Schiefer Edward J.; Das Shinjini; Vancheeswaran Nikitha; Ahmad Shayan; Nguyen May; Nicholas Andrea,0,0
10.59390/gzat7086,https://doi.org/10.59390/gzat7086,journal-article,2025,5,23,2,a56-a65,Using Case Studies from Neurocase to Promote an Understanding of and Appreciation for Behavioral and Forensic Neuroscience,Flint Robert W; Farnum Katlyn; Rodriguez Steen Lillian A,1,0
10.59390/znkc2166,https://doi.org/10.59390/znkc2166,journal-article,2025,5,23,2,a73-a81,Call for collaboration: Drafting a concept inventory for assessing neuroscience courses and curriculum,Gaudier-Diaz Monica M; Mitchell Mackenzie E; Parekh Shveta V; Robertson Sabrina D,0,0
10.59390/xiic7680,https://doi.org/10.59390/xiic7680,journal-article,2025,5,23,2,a35-a43,A Cross-Course Experiment with a Word Recall Task and Salivary Cortisol Measurements,Ruscio Michael G; Widholm John J.,0,0
10.59390/smml6995,https://doi.org/10.59390/smml6995,journal-article,2025,5,23,2,a95-a103,Biopsychology Lab: COMT Genotype Associations with Vagal Tone and Frontal Alpha Asymmetry,Smith Brittany L; Dunham Jenna E; Sweeney Brianna M; Dearing Chloe; Shepherd Rachel H; Bardgett Mark E.,1,0
10.59390/nkay3491,https://doi.org/10.59390/nkay3491,journal-article,2025,5,23,2,a66-a72,Long-Term Learning Gains in Students Using Community Based Learning,Stevens Autumn A; Michael Nancy A; Radvansky Gabriel A,2,0
10.59390/jdtx8529,https://doi.org/10.59390/jdtx8529,journal-article,2025,5,23,2,e22-e25,Open Educational Resources for Undergraduate Neuroscience Education,Hutchins James B; Harris Alexis,0,0
10.59390/dsqc2202,https://doi.org/10.59390/dsqc2202,journal-article,2025,5,23,2,a89-a94,Escape from traditional learning: A neuroscience escape room activity for neuroscience education,Munoz James; Boucher Leanne,0,0
10.59390/awfz8889,https://doi.org/10.59390/awfz8889,journal-article,2025,5,23,2,e20-e21,A Call to Action,Reynolds Elaine,0,0
10.59390/qlfc4698,https://doi.org/10.59390/qlfc4698,journal-article,2024,12,23,1,1-4,Primary Literature for Teaching Neuroimmunology – An Instructor's Resource,Chivero Ernest T.,1,0
10.59390/ztve5756,https://doi.org/10.59390/ztve5756,journal-article,2024,12,23,1,1-4,Historical Depictions of the Brain: The Origins from the Non-Western World,; Yousef Tareq,0,0
10.59390/zbgo4273,https://doi.org/10.59390/zbgo4273,journal-article,2024,12,23,1,26-34,How to Integrate Neuroethics into a Neuroscience Course – And Drive Student Engagement with Core Concepts,; Boyd Lomax,0,0
10.59390/xsmv4309,https://doi.org/10.59390/xsmv4309,journal-article,2024,12,23,1,1-8,Effects of Gamification on Student Success and Perception of Instruction in Neuroanatomy: A Retrospective Analysis,Fry Benjamin R.,4,0
10.59390/qdtw7457,https://doi.org/10.59390/qdtw7457,journal-article,2024,12,23,1,9-16,"Active Learning Exercises in Synaptic Physiology and Connectivity for the Neuroscience Lecture Hall, Laboratory Course, or Outreach Setting",Meadows Austin; Sweiss Rachon; Kanchana Vichayada; Stout Randy F.; Otazu Gonzalo H.; Nicholas Andrea; Ramos Raddy L.,0,0
10.59390/eucp1513,https://doi.org/10.59390/eucp1513,journal-article,2024,12,23,1,5-16,"Approaching Diversity, Equity, And Inclusion in The Faculty for Undergraduate Neuroscience: Are we There Yet?",Neuwirth Lorenz S; Quadros-Mennella Princy S; Abrams Mathew; Nahmani Marc; Bates Shawn; Tobiansky Daniel J.; Seraphin Sally B.; Maeng Lisa Y.; Shah Aparna; Penton Rachel; Tan Taralyn; Cabañas Ericka; Linden Monica; Kang Yuan Yuan,0,0
10.59390/afsc6949,https://doi.org/10.59390/afsc6949,journal-article,2024,12,23,1,17-25,n Integrative Brain and Behavior CURE (Course-Based Undergraduate Research Experience) using immunohistochemistry in the fighting fish Betta splendens,Crescencio Gelbert A.; Femi-Jegede Oluwafunmilade D.; Zhang Jingwen; Aquino Vasquez Elaine A.; Wallace Kelly J.,0,0
10.59390/zkgv9815,https://doi.org/10.59390/zkgv9815,journal-article,2024,12,23,1,17-19,SfN 2024 report: Sweet Home Chicago - JUNE and FUN Faculty Awards,; Reynolds Elaine R; Rinehardt Erin; ; Kang Yuan Yuan; ,0,0
10.59390/ygcw6032,https://doi.org/10.59390/ygcw6032,journal-article,2024,8,22,3,A246-A255,Memphis NeuroSTART Program: Promoting Student Success and Increasing the Diversity of Applicants to Neuroscience Graduate Programs,Sable Helen J.K.; Lester Deranda B; ,0,0
10.59390/qcwz6366,https://doi.org/10.59390/qcwz6366,journal-article,2024,8,22,3,A217-A223,Neurodiversity in the Minds of Students: From Perception to Campus Programming,Castleman Brooke V.; ; Jarvinen Lamis Z.; ; Jarvinen Michael K.; ,1,0
10.59390/qwmz9919,https://doi.org/10.59390/qwmz9919,journal-article,2024,8,22,3,A289-A295,Using BioRender for Active Learning: Exploring Learning-Style Preference and Visual-Spatial Ability in Undergraduate Students,Ha Jessica; Afana Deena; Nassimi Moghaddam Keon; Nicholas Andrea; ,4,0
10.59390/nqca2038,https://doi.org/10.59390/nqca2038,journal-article,2024,8,22,3,A265-A272,"Interactive Notebooks Improve Students’ Understanding of Developmental Neurobiology, Attitudes Toward Research, and Experimental Design Competency in a Lecture-Based Neuroscience Course",Reyes-Nava Nayeli G.; Esparza David; Suarez Victor; Quintana Anita; Olimpo Jeffrey T.; ,0,0
10.59390/zglz3652,https://doi.org/10.59390/zglz3652,journal-article,2024,8,22,3,A224-A232,The Neuroscience Research Opportunities to Increase Diversity program: transformative and successful research training strategies for undergraduate students within Hispanic serving institutions.,Maldonado-Vlaar Carmen S.; García-Arrarás José E; ,1,0
10.59390/bclx3929,https://doi.org/10.59390/bclx3929,journal-article,2024,8,22,3,A177-A184,Use of Buzz Buttons to Illustrate Taste Perception Principles in a Sensation and Perception Laboratory Exercise,Jeye Brittany M.; ,0,0
10.59390/ynph4485,https://doi.org/10.59390/ynph4485,journal-article,2024,8,22,3,A197-A206,Low-cost classroom and laboratory exercises for investigating both wave and event-related electroencephalogram potentials,Smith Kylie; Amorim Marcio L. M.; Marcic Stanislav; Reining Zach; Ristow Nick; Miller Dylan; Marzullo Timothy C.; Serbe-Kamp Etienne; Gage Gregory J.; ; Leonhardt Aljoscha; Donovan Joseph C.; Meier Matthias; ; Pilger Abbey; ; ; Steiner Adam. P.,1,0
10.59390/ehek8915,https://doi.org/10.59390/ehek8915,journal-article,2024,8,22,3,A160-A166,Sherlock Holmes and the Neurophysiologists: unraveling the “mystery” of active learning success,French Lauren B.; ; Stauffer Madeleine; ; Salazar Requena Maria; ,0,0
10.59390/rwpq9487,https://doi.org/10.59390/rwpq9487,journal-article,2024,8,22,3,A233-A245,The efficacy of a novel board game to teach cable properties to introductory neuroscience undergraduate students,Rydbom Jerrik; Das Soumyaa; Storm Alyssa; Nemes-Baran Ashley; ,0,0
10.59390/pahq2595,https://doi.org/10.59390/pahq2595,journal-article,2024,8,22,3,A185-A196,Forbidden Neurds: A Neuroscience Word Game,Kaur Angel W.; ,0,0
10.59390/gzlw1868,https://doi.org/10.59390/gzlw1868,journal-article,2024,8,22,3,E34-E35,"And we'll have FUN, FUN, FUN...",Reynolds Elaine R; ,0,0
10.59390/miuv3158,https://doi.org/10.59390/miuv3158,journal-article,2024,8,22,3,A207-A216,Neurosimilator for Undergraduate Biophysics and Neurophysiology Courses,Dupuis Freddy; Shlyonsky Vadim; de Prelle Bertrand; Gall David; ,0,0
10.59390/jdog5046,https://doi.org/10.59390/jdog5046,journal-article,2024,8,22,3,A256-A264,Virtual dissection table case studies for undergraduate neuroanatomy written assignments,Wang Joshua; ; Beecher Kate; ; Chehrehasa Fatemeh; ,1,0
10.59390/sylo7794,https://doi.org/10.59390/sylo7794,journal-article,2024,8,22,3,R1-R5,Introducing BRAINOER: The Behavioral Research and Interdisciplinary Neuroscience Open Educational Repository,Harris Bozer Amber L.; ; Civitello Nichol A.; ; Dunn Rawlings Elizabeth; ; Leach Lesley F.; ; ,1,0
10.59390/pvec2816,https://doi.org/10.59390/pvec2816,journal-article,2024,8,22,3,A167-A176,Integrating intercultural competence into a Neuroscience curriculum through a short-term study abroad program,Herin Greta Ann; ; Lewis Gwendolyn M,0,0
10.59390/zabm1739,https://doi.org/10.59390/zabm1739,journal-article,2024,8,22,3,A273-A288,An in-depth Exploration of the Interplay between fMRI Methods and Theory in Cognitive Neuroscience,Huffman Derek; ,0,0
10.59390/lhnr3855,https://doi.org/10.59390/lhnr3855,journal-article,2024,8,22,2,E28-E33,Of Chatbots and Colonizers: a FUN workshop mini symposium,; Neem Johann; Donley David; ; Reynolds Elaine R; ,0,0
10.59390/rgze2690,https://doi.org/10.59390/rgze2690,journal-article,2024,8,22,2,A82-A89,You’re Getting on my Nerves! A board game to teach action potential propagation and cable properties,; Neems-Baran Ashley,0,0
10.59390/pyyp5010,https://doi.org/10.59390/pyyp5010,journal-article,2024,8,22,2,A99--A103,Integrating programming into neuroscience courses,; Juavinett Ashely,3,0
10.59390/auiv7625,https://doi.org/10.59390/auiv7625,journal-article,2024,8,22,2,A116-A119,"microPublication Biology: An introduction to publishing and teaching with a small-format, peer-reviewed journal",; Dahlberg Lina; Raciti Daniela; Yook Karen; ; ,0,0
10.59390/hrwl6927,https://doi.org/10.59390/hrwl6927,journal-article,2024,8,22,2,A152-A157,Teaching the Nature of Science Improves Scientific Literacy Among Students Not Majoring in STEM,; Donley David,2,0
10.59390/fzwh1820,https://doi.org/10.59390/fzwh1820,journal-article,2024,8,22,2,A104-A115,"Designing and Teaching Courses on Sex, Gender, and the Brain: Two Implementations in the Undergraduate Classroom",; Tan Tarilyn M; Leninger Elizabeth C; ,1,0
10.59390/ykou9984,https://doi.org/10.59390/ykou9984,journal-article,2024,8,22,2,A90-A98,A Case for the Use of Open Data as a Tool to Incorporate Socioscientific Topics into Neuroscience Education,; Meuler Madison; Casimo Kaitlyn; ,1,0
10.59390/oetw7461,https://doi.org/10.59390/oetw7461,journal-article,2024,8,22,2,A137-A151,"Centering Diversity, Equity, and Inclusion in Graduate Admissions",; Tan Taralyn; Tomaszycki Michelle; ; Martinez Acosta Veronica; ; Juavinett Ashley; ,1,0
10.59390/ifwt3187,https://doi.org/10.59390/ifwt3187,journal-article,2024,8,22,2,E22-E27,Unpacking and Utilization of Neuroscience Core Concepts,"; Chen Audrey; Phillips, Kimberley A.; ; Tran Eric H.; ; Schaefer Jennifer E.; ; Sonner Patrick M.; ",2,0
10.59390/dkpk6058,https://doi.org/10.59390/dkpk6058,journal-article,2024,8,22,2,E16-E21,"The Art of NOW: Mentoring to Address Hidden Curriculum in Undergraduate Centering Diversity, Equity, and Inclusion in Graduate Admissions",; Balls-Berry Joyce E; Orellana Minerva; ; Enders Felicity; ; DSouza Karen; ,1,0
10.59390/yhhg1147,https://doi.org/10.59390/yhhg1147,journal-article,2024,8,22,2,E4-E10,"Proceedings of the 2023 Faculty for Undergraduate Neuroscience Workshop at Western Washington University, Bellingham, WA, July 27-30, 2023",; Basu Alo; Bradaric Brinda; ; Donley David; ; Gaudier-Diaz Monica M.; ; Grimm Jeffrey; ; Kaplan Joshua; ; Nahmani Marc; ; Reynolds Elaine R; ; Rose Jacqueline; ; Tan Taralyn M.; ,0,0
10.59390/kbmk3931,https://doi.org/10.59390/kbmk3931,journal-article,2024,8,22,2,A131-A136,Mini-Symposium: Training the Trainers of the Next Generation of Neuroscience Advocates,; Hartvigsen Sarah C; Burnett Thomas; ; Fox Cecilia M; ; Matney Chanel J; ; Pham Daniel; ; Smiley Cora E; ; Shah Aparna P; ,1,0
10.59390/swzd5930,https://doi.org/10.59390/swzd5930,journal-article,2024,8,22,2,A126-A130,Increasing Accessibility Through Popular Press Books into Neuroscience Coursework,; Gill Margaret,1,0
10.59390/wmph6827,https://doi.org/10.59390/wmph6827,journal-article,2024,8,22,2,A120-A125,Building Community and Developing Professionally through FUN Final Friday Sessions,; Eaton Shannon; Donley David W; ; Lom Barbara; ; Stavnezer Amy Jo; ,0,0
10.59390/dxcg7777,https://doi.org/10.59390/dxcg7777,journal-article,2024,8,22,2,152-157,Making an effective flipped neuroscience lab by approaching students from their emoticons,; Fu Zhuo,0,0
10.59390/czdj9168,https://doi.org/10.59390/czdj9168,journal-article,2024,8,22,2,e11-e15,Reimagining Neuroscience Education: Teaching “Life” as a Step Towards Social Justice,; Rollins Oliver,0,0
10.59390/gebe4090,https://doi.org/10.59390/gebe4090,journal-article,2023,5,21,2,a142-a150,Quantitative and Qualitative Representation of Introductory and Advanced EEG Concepts: An Exploration of Different EEG Setups,Hatton Shelby L; Rathore Shubham; Vilinsky Ilya; Stowasser Annette,4,0
10.59390/sbpm5289,https://doi.org/10.59390/sbpm5289,journal-article,2023,5,21,2,r1-r4,Remyelination And Ageing: Ethical Considerations Of Using Surgically Joined Animals In Research,Horn Christy M; Pop Nona; Anderson Michael,0,0
10.59390/hmmk4371,https://doi.org/10.59390/hmmk4371,journal-article,2023,5,21,2,a126-a132,The NEURON Program: Utilizing Low-Cost Neuroscience for Remote Education Outreach,Ramadan Bassil; Ricoy Ulises M,4,0
10.59390/hxtq3326,https://doi.org/10.59390/hxtq3326,journal-article,2023,5,21,2,a159-a165,Effects of a Service-Learning Neuroscience Course on Mood and Intergroup Anxiety,Flanagan-Cato Loretta M; Plate Rista C; Steele Christina; Jenkins Adrianna C,0,0
10.59390/jvic5712,https://doi.org/10.59390/jvic5712,journal-article,2023,5,21,2,e2-e7,Using Open Neuroscience to Advance Equity in the Pedagogy and Research Infrastructure in Colleges/Universities Still Financially Impacted by COVID-19:  The Emergence of Global Resource Network Aimed at Integrating Neuroscience and Society,Chagas Andre Maia; Canli Turhan; Ziadlou Donya; Forlano Paul M; Samaddar Sreyashi; Chua Elizabeth; Baskerville Karen A; Poon Kinning; Neuwirth Lorenz S,0,0
10.59390/fdma5232,https://doi.org/10.59390/fdma5232,journal-article,2023,5,21,2,a97-a107,The COVID-19 and Taste Lab: A Mini Course-based Undergraduate Research Experience on Taste Differences and COVID-19 Susceptibility,Wickham Robert J; Adams Walter; Hawker Morgan J,2,0
10.59390/rhsn3470,https://doi.org/10.59390/rhsn3470,journal-article,2023,5,21,2,a108-a116,Sleepy Mice Case Study: Implementation and Assessment,Gaudier-Diaz Monica M; Parekh Shveta V; Penton Rachel E; Robertson Sabrina D.; Thomas Aeisha,1,0
10.59390/vskd5667,https://doi.org/10.59390/vskd5667,journal-article,2023,5,21,2,a91-a96,An affordable three-dimensional (3D) printed recording chamber for two-electrode voltage clamp electrophysiology,Shogren Ian SK; Gonzales Jean P.; Boland Linda M,0,0
10.59390/botf3129,https://doi.org/10.59390/botf3129,journal-article,2023,5,21,2,a85-a90,Cross-Course Harmonized Assignments in Neuroscience,Branco Rachel C; Chan T.M. Vanessa,0,0
10.59390/rcvf6232,https://doi.org/10.59390/rcvf6232,journal-article,2023,5,21,2,a151-a158,Smartphone-enabled Web-based Simulation of Cellular Neurophysiology for Laboratory Course and its Effectiveness,"Yamamoto, Takayuki; Weitemier Adam; Kurokawa Makoto",2,0
10.59390/ylhj6332,https://doi.org/10.59390/ylhj6332,journal-article,2023,5,21,2,e8-e9,Of Chatbots and Colonizers,Reynolds Elaine R,0,0
10.59390/xpyk3682,https://doi.org/10.59390/xpyk3682,journal-article,2023,5,21,2,a133-a141,An Undergraduate Laboratory Series Using C. elegans That Prepares Students for Independent Inquiry,Quinan Virginia; Hsu Kelly; Mann Molly; Barclay Kia; Bauer Deborah,0,0
10.59390/axnc2524,https://doi.org/10.59390/axnc2524,journal-article,2023,5,21,2,,"Comparing Student Performance in Emergency Remote and Face-to-Face Collaborative
            Learning Courses",; Azizi Yasmin; Hession John; Newpher Thomas M.,2,0
10.59390/jpoe3730,https://doi.org/10.59390/jpoe3730,journal-article,2023,5,21,2,e10-e12,The 2022 Faculty for Undergraduate Neuroscience Faculty Awards,Rhinehart Erin; Kang Yuan Yuan; Illig Kurt R,0,0
10.59390/medi5423,https://doi.org/10.59390/medi5423,journal-article,2023,,22,1,,A Versatile Semester-Long Course-Based Undergraduate Research Experience using Optogenetics and RNAi to Identify Genes Important for Synapse Function,Luth Eric S; Juo Peter,0,0
10.59390/nyor9047,https://doi.org/10.59390/nyor9047,journal-article,2023,,22,1,,eaching Synaptic Transmission Using Primary Literature: A Skills-Focused Pedagogical Approach,Payne Andrew J; Bills Kyle B; Steffensen Scott C,0,0
10.59390/awcf3324,https://doi.org/10.59390/awcf3324,journal-article,2023,,22,1,,Teaching Scientific Literature Analysis: A Systematic Adoption of Skill-Building Methods to Enrich Research Training for Undergraduate Students,; Venugopal Sharmila,0,0
10.59390/jwnq5957,https://doi.org/10.59390/jwnq5957,journal-article,2023,,22,1,,Poppy Seed Consumption and Oral Fluid Opioids Detection: A Classroom Demonstration of Psychopharmacological Concepts,Flaisher-Grinber Shlomit,0,0
10.59390/sbmg5429,https://doi.org/10.59390/sbmg5429,journal-article,2023,,22,1,e1-e3,"SfN 2023 report: It’s the Most Wonderful Time of the Year, JUNE and FUN Faculty Awards",; Reynolds Elaine R; Rinehardt Erin; ; Kang Yuan Yuan; ,0,0
10.59390/pwfc1224,https://doi.org/10.59390/pwfc1224,journal-article,2023,,22,1,,Primary Afferent Depolarization and the Gate Control Theory of Pain: a tutorial simulation,; Heitler Bill,7,0
10.59390/leaf8930,https://doi.org/10.59390/leaf8930,journal-article,2023,,22,1,,Reducing Brain Injury Misconceptions and Willingness to Risk Concussion with a Three-Week Introductory-level Neuroscience Course,Gordon Rupa Gupta,0,0
10.59390/xyfr3420,https://doi.org/10.59390/xyfr3420,journal-article,2023,,22,1,,Early-career pedagogical practice: The value of training undergraduates to teach,Carr Chandler EG; Bailey Kira,0,0
10.59390/ogtz5579,https://doi.org/10.59390/ogtz5579,journal-article,2023,,22,1,,Mapping Human Neuronal Diversity in the Search for New Therapeutics: Using Real Human Neuron Data Sets to Build Student Quantitative Skills,Milligan Emma C; Casimo Kaitlyn; Buchanan Laurie; Huston Bryant; Robertson Sabrina,0,0
10.59390/kyoe5906,https://doi.org/10.59390/kyoe5906,journal-article,2023,,22,1,,PopScience: Teaching Students to Communicate Scientific Findings to the General Public,Gill Margaret J,1,0
10.59390/zwbm2077,https://doi.org/10.59390/zwbm2077,journal-article,2023,,22,1,,Unlocking Hidden Awareness: Repurposing fMRI to Detect Levels of Consciousness,Caccamo Alessia; Nolde Gwyn; Bakir Halle; Ho Lauren; Alonso-Moreno Marta C; Wanniarachchi Sadali,0,0
10.59390/zgth8157,https://doi.org/10.59390/zgth8157,journal-article,2023,,22,1,,Does Insomnia Cause Revenge Seeking Behavior? Using a Puzzle-Based Sleep Lab Educational Escape Room to Teach Circadian Rhythms in a Large Introductory Neuroscience Course,Nakashyan Boris; Clabough Erin B.D.,0,0
10.59390/sdwh9124,https://doi.org/10.59390/sdwh9124,journal-article,2023,,22,1,,Using Drosophila Two-Choice Assay to Study Optogenetics in Hands-On Neurobiology Laboratory Activities,Fu Zhuo; Huda Ainul; Kimbrough Ian F; Ni Lina,2,0
10.59390/llwz6243,https://doi.org/10.59390/llwz6243,journal-article,2022,10,20,2,a233-a240,"Designing a Simulation Lab: The Process that Led to Action Potentials Explored and Extended, Two Simulation-Based Neurobiology Labs",Meir Eli,0,0
10.59390/xoig7838,https://doi.org/10.59390/xoig7838,journal-article,2022,10,20,2,a111-a115,Video Microscopy for Teaching: Optimizing the Field of View,Wyttenbach Robert A,0,0
10.59390/lvjd2796,https://doi.org/10.59390/lvjd2796,journal-article,2022,10,20,2,a207-a214,"PROJECT DiViNe: DIVERSE VOICES IN NEUROSCIENCE Profiles of Rita Levi-Montalcini, Ricardo Miledi, Simon LeVay, Erich Jarvis, and Steve Ramirez",Frenzel Kristen E; Grisham William; Ogilvie Judith M; Harrington Ian A,0,0
10.59390/vohj7109,https://doi.org/10.59390/vohj7109,journal-article,2022,10,20,2,a241-a253,Structured Worksheets: Simple Active Learning Strategies to Increase Transparency and Promote Communication,Buffalari Deanne,0,0
10.59390/lxmj2920,https://doi.org/10.59390/lxmj2920,journal-article,2022,10,20,2,a150-a160,Why Students Cheat and How Understanding This Can Help Reduce the Frequency of Academic Misconduct in Higher Education: A Literature Review,Miles Paula J; Campbell Martin; Ruxton Graeme D,24,0
10.59390/dwip7136,https://doi.org/10.59390/dwip7136,journal-article,2022,10,20,2,e19-e20,"A Tale of Two Meetings: Indeed, the Worst of Times Gave Undergraduate Neuroscience Education One of the Best of Times",Wiertelak Eric P; Ramirez Julio J,0,0
10.59390/tpqz7702,https://doi.org/10.59390/tpqz7702,journal-article,2022,10,20,2,e25-e28,Convening the Undergraduate Neuroscience Education Community in a Period of Rapid Change: Insights from the FUN 2020 Summer Virtual Meeting,Basu Alo C; Kang Yuan Yuan; Leussis Melanie P; Chan Jason,0,0
10.59390/bkpw4729,https://doi.org/10.59390/bkpw4729,journal-article,2022,10,20,2,a215-a218,"Deceived, Confused, or Peer Reviewed? Critical Information Literacy in a First-Year Neuroscience Course",Gold Helene; Leininger Elizabeth,1,0
10.59390/dcxy9279,https://doi.org/10.59390/dcxy9279,journal-article,2022,10,20,2,a269-a279,Lt: A Resource to Future-Proof the Laboratory in Uncertain Times,Calderon Brandon; Steel Charlotte; Ford Bridget; Sue Jacqui; Bracewell Katie,2,0
10.59390/jgip5297,https://doi.org/10.59390/jgip5297,journal-article,2022,10,20,2,a284-a291,Neurosim: Some Thoughts on Using Computer Simulation in Teaching Electrophysiology,Heitler Bill,3,0
10.59390/axfd9450,https://doi.org/10.59390/axfd9450,journal-article,2022,10,20,2,e13-e18,Celebrating Diverse Voices in Neuroscience: Introducing Project DiViNe,Frenzel Kristen; Harrington Ian A,0,0
10.59390/pqjq5721,https://doi.org/10.59390/pqjq5721,journal-article,2022,10,20,2,a226-a232,"Online Neuroscience Instruction: Insights, Lessons Learned, and Moving Forward",Wee Beth EF,1,0
10.59390/ghor4737,https://doi.org/10.59390/ghor4737,journal-article,2022,10,20,2,a161-a165,The Development of Core Concepts for Neuroscience Higher Education: From Beginning to Summer Virtual Meeting Satellite Session,Chen Audrey; Phillips Kimberley A; Schaefer Jennifer E; Sonner Patrick M,0,0
10.59390/tvra6768,https://doi.org/10.59390/tvra6768,journal-article,2022,10,20,2,a263-a268,Digital Timeline Assignment of Key Opioid Research Articles Spanning Five Decades,Hill Alexis S,0,0
10.59390/kysi6629,https://doi.org/10.59390/kysi6629,journal-article,2022,10,20,2,a166-a177,FraidyRat: A Virtual Module Examining the Neural Circuitry Underlying Fear Conditioning,Grisham William; Schottler Natalie; Soto Jorge; Krasne Franklin B,0,0
10.59390/cvbf7454,https://doi.org/10.59390/cvbf7454,journal-article,2022,10,20,2,r1-r4,Open Educational Resources for Neuroscience,Leussis Melanie P,1,0
10.59390/biwd8550,https://doi.org/10.59390/biwd8550,journal-article,2022,10,20,2,a280-a283,Trainingspace: Neuroeducation Without Borders,George Pradeep; Sandström Malin; Birdsall Abrams Mathew,0,0
10.59390/xcgj3727,https://doi.org/10.59390/xcgj3727,journal-article,2022,10,20,2,a219-a225,Virtual/Remote Labs for Fluorescent Immunocytochemistry or Western Blotting: The Next Best Thing to Being There,Morrison Mary E,0,0
10.59390/wszk3327,https://doi.org/10.59390/wszk3327,journal-article,2022,10,20,2,a115-a119,Increasing Self-Compassion: Review of the Literature and Recommendations,Stutts Lauren,7,0
10.59390/lvzc1043,https://doi.org/10.59390/lvzc1043,journal-article,2022,10,20,2,a315-a324,Neuroscience Ambassadors: Creating a Network of Academia-Community Partnerships,Flaisher-Grinberg Shlomit,1,0
10.59390/fkxm3006,https://doi.org/10.59390/fkxm3006,journal-article,2022,10,20,2,a120-a145,Podcasting Neuroscience: A Science Communication Assignment,Kaur Angel W,1,0
10.59390/nfrq7249,https://doi.org/10.59390/nfrq7249,journal-article,2022,10,20,2,a184-a190,Adapting Case Studies for Synchronous and Asynchronous Online Courses,Cook-Snyder Denise R; Ehlinger Daniel G,0,0
10.59390/feap4736,https://doi.org/10.59390/feap4736,journal-article,2022,10,20,2,a146-a149,Deep versus Shallow Processing: A Learning and Memory Experiment for Asynchronous and Synchronous Online Platforms,Pollack Alexia E,0,0
10.59390/wxip5336,https://doi.org/10.59390/wxip5336,journal-article,2022,10,20,2,a292-a314,Meeting Behind the Seen: Synchronous Teaching without Virtual Meeting Fatigue,Upchurch Meg,0,0
10.59390/lkpg6213,https://doi.org/10.59390/lkpg6213,journal-article,2022,10,20,2,e21-e24,An Introduction to the Proceedings of the 2020 FUN Summer Virtual Meeting,Johnson Bruce R,0,0
10.59390/nwxo4043,https://doi.org/10.59390/nwxo4043,journal-article,2022,10,20,2,a178-a183,Enhancing Student Research Experiences with Open Data from the Allen Brain Map,Casimo Kaitlyn,2,0
10.59390/azvz2988,https://doi.org/10.59390/azvz2988,journal-article,2022,10,20,2,a191-a206,Teaching About Sex and Gender in Neuroscience: More Than Meets the “XY”,Casto Kathleen V.; Leininger Elizabeth C; Tan Taralyn,0,0
10.59390/wtlq2344,https://doi.org/10.59390/wtlq2344,journal-article,2022,10,20,2,a254-a262,Teaching to Empower: Leveraging the Neuroscience of Now to Help Students Become Self-Regulated Learners,Imad Mays,4,0
10.59390/kcbv9244,https://doi.org/10.59390/kcbv9244,journal-article,2022,,20,3,,"Connecting Dots Between Psychiatry, Neuroscience, and Memory: A Review of A Sense of Self: Memory, The Brain, and Who We Are By Veronica O’Keane",Hu Serena X.; Multhaup Kristi S.,0,0
10.59390/gsxq3224,https://doi.org/10.59390/gsxq3224,journal-article,2022,,21,1,,A Course Design for Remote Teaching Advanced Topics in Neuroscience,Ramos Raul; Rivera-Rodriguez Emmanuel J,2,0
10.59390/cbus7460,https://doi.org/10.59390/cbus7460,journal-article,2022,,21,1,,Promoting Scientific Exchange and Student Training Through Scientific Meetings; Insights from a Joint Virtual Undergraduate Neuroscience Conference During the COVID-19 Pandemic,Carter Bradley S; Jewett David C; Kelly Seth; Stavnezer Amy Jo,1,0
10.59390/eebd8126,https://doi.org/10.59390/eebd8126,journal-article,2022,,20,3,,An Online Course in Contemplative Neuroscience Increases Dispositional Mindfulness and Reduces Meditation Barriers,Wolfe Uta; Batoyun Temmy,1,0
10.59390/pyrm1880,https://doi.org/10.59390/pyrm1880,journal-article,2022,,21,1,,The Mismatch Between Neuroscience Graduate Training and Professional Skill Sets,Shah Saloni; Juavinett Ashley L.,3,0
10.59390/omgv8486,https://doi.org/10.59390/omgv8486,journal-article,2022,,20,3,,A Review of So You Want to Be a Neuroscientist By Ashley Juavinett,Hoy Ronald R.,0,0
10.59390/jcrt2250,https://doi.org/10.59390/jcrt2250,journal-article,2022,,20,3,,Recording from Snail Motor Nerves to Investigate Central Pattern Generation,Wyttenbach Robert A; Johnson Bruce R,0,0
10.59390/lhji3567,https://doi.org/10.59390/lhji3567,journal-article,2022,,20,3,,Teach Me and I’ll Remember,Bayline Ron; Banks Susan; Morrison Mary; Johnson Bruce R.,0,0
10.59390/vuna6753,https://doi.org/10.59390/vuna6753,journal-article,2022,,20,3,,"Active Learning and Community Engagement: Pedagogical Synergy through the""Mobile Neuroscience Lab"" Project","Gilbertson, Rebecca J.; Hessler Eric E.; Leff Dustyn J.",0,0
10.59390/aoin4016,https://doi.org/10.59390/aoin4016,journal-article,2022,,20,3,,Opportunities to Discuss Diversity-Related Topics in Neuroscience Courses,Schreiber1 William B.; Robinson-Drummer Patrese A,0,0
10.59390/abrk8282,https://doi.org/10.59390/abrk8282,journal-article,2022,,20,3,,Growing and evolving after twenty years of neuroscience education scholarship,Ramos Raddy L.,0,0
10.59390/evay3425,https://doi.org/10.59390/evay3425,journal-article,2022,,21,1,,Student Evaluation of a Learning Community Model Adapted to Student and Curriculum Needs.,Yu Heather J; Mulligan Cheryl; Hartford Emily E; McCoy John G; Cyr Nicole E,0,0
10.59390/cvgg3853,https://doi.org/10.59390/cvgg3853,journal-article,2022,,21,1,,The Creation of High-Resolution Brain Cross-sections for 3D Printing and Virtual Reality Applications,Minear Meredith; Rodriguez Veronica; Gellis Brandon; Krosley Alexandra,0,0
10.59390/ivwg3242,https://doi.org/10.59390/ivwg3242,journal-article,2022,,20,3,,The FUN Exchange: A Community-Driven Repository of Resources for Neuroscience Educators,Jorgensen Claudia; Wright Michael,0,0
10.59390/fulx3501,https://doi.org/10.59390/fulx3501,journal-article,2022,,20,3,,Measuring Sex Differences in the Corpus Callosum by Undergraduates at a Small and a Large Institution,Leung Cary H.; Goraya Imrin; Kasa Leena; Schottler Natalie; Grisham William,0,0
10.59390/xzql5300,https://doi.org/10.59390/xzql5300,journal-article,2022,,20,3,,Teaching the Applications of CRISPR/Cas9: Using the African Turquoise Killifish as a Novel Model of Aging and Age-Related Diseases,Hooper Frances W; Morrow Jonathan; Rodriguez Jasmine; Webb Claire,0,0
10.59390/noyq7921,https://doi.org/10.59390/noyq7921,journal-article,2022,,21,1,,Pipette Olympics: An Engaging Exercise for Undergraduate Laboratory Training,Richter Troy A; Wilkinson Cooper D; Griffiths Brian B; Hunter Richard G,2,0
10.59390/vpag4551,https://doi.org/10.59390/vpag4551,journal-article,2022,,21,1,,The New and Even Better Normal,Reynolds Elaine R,0,0
10.59390/zycy4696,https://doi.org/10.59390/zycy4696,journal-article,2022,,20,3,,Feasibility and Utility of a Virtual Reality Laboratory Exercise in an Undergraduate Neuroscience Course,Broomell Alleyne P.R.; Allison Mykenzi; Ellern Gillian D.,0,0
10.59390/pdwf1446,https://doi.org/10.59390/pdwf1446,journal-article,2022,,20,3,,Effective Development of a Remote Full-Day Summer Neuroscience Program at the University of Pennsylvania,Hipolit Kristen A.,0,0
10.59390/rako7898,https://doi.org/10.59390/rako7898,journal-article,2022,,21,1,,Using Zebrafish Embryos to Study Pharmacological Effects on Neural Development in Hands-On Neurobiology Laboratory Activities,Schoenfeld Timothy J; Glenn Nicole O,0,0
10.59390/fcuj4587,https://doi.org/10.59390/fcuj4587,journal-article,2022,,20,3,,Lessons Learned in Developing Virtual Neuroscience Labs,Canal Maria M.; Carroll Jessica; Zhou Flavia; Metcalfe Ryan,0,0
10.59390/owvw3847,https://doi.org/10.59390/owvw3847,journal-article,2022,,21,1,,A Versatile Psychoneuroimmunology Course-based Undergraduate Research Experience,Mesmer Vanessa; Gaudier-Diaz Monica M,3,0
10.59390/bitb4303,https://doi.org/10.59390/bitb4303,journal-article,2022,,21,1,,"eaching Neuroscience: Reviving Neuroanatomy, Notes on the 2022 Society for Neuroscience Professional Development Workshop on Teaching",Casimo Kaitlyn; Fanselow Erika E; Nahmani Marc; White Leonard E; Grisham William,1,0
10.59390/fbnz6901,https://doi.org/10.59390/fbnz6901,journal-article,2022,,21,1,,NeuroStudies: A Model of an Interdisciplinary Neuroscience Studies Minor,Franssen R. Adam; Franssen Catherine; Hennings Maxwell A,0,0
