organism,articles with an activity,first appears,first appears in,Vol 1–5 (2002–2007),Vol 6–10 (2007–2012),Vol 11–15 (2012–2017),Vol 16–20 (2017–2022),Vol 21–24 (2022–2026)
Students as their own subjects,58,"1(2), 2003",Testing the Relationship Between Levels of Endogenous Testosterone and Physiological Responses to Facial Expressions in Men: An Experiment Conducted by Students in an Undergraduate Behavioral Neuroscience Class,5,9,15,17,12
Mouse,40,"2(1), 2003","Experimental Methods in Neuroscience: An Undergraduate Neuroscience Laboratory Course for Teaching Ethical Issues, Laboratory Techniques, Experimental Design, and Analysis",2,11,9,16,2
Rat,38,"1(1), 2002",The Emergence of Non-Match-to-Sample Behavior in the Developing Rat Pup,13,12,4,8,1
Drosophila (fruit fly),22,"4(1), 2005",Demonstrating the Temperature Sensitivity of Synaptic Transmission in a Drosophila Mutant,2,3,5,9,3
Crayfish,18,"1(1), 2002",Exploring Neurogenesis in Crustaceans,4,5,4,5,0
Other insects,15,"6(1), 2007",Technical Note: Construction of a Simple Suction Electrode for Extracellular Recording and Stimulation,0,2,9,4,0
Sheep / pig / cow,14,"8(1), 2009",Vision and Art: An Interdisciplinary Approach to Neuroscience Education,0,4,1,7,2
Other rodents,13,"2(2), 2004",Ultrasonic Courtship Vocalizations of Adult Male Mice: A Laboratory Exercise Illustrating Comparable Activation by either Estradiol or Testosterone,1,4,4,4,0
Other invertebrates,11,"1(1), 2002",Exploring Neurogenesis in Crustaceans,3,1,3,3,1
Zebrafish,9,"5(1), 2006",Functional Magnetic Resonance Imaging (fMRI): A Brief Exercise for an Undergraduate Laboratory Course,1,0,3,3,2
Other crustaceans,9,"1(1), 2002",Exploring Neurogenesis in Crustaceans,1,3,1,4,0
Cockroach,9,"5(2), 2007",Utility and Versatility of Extracellar Recordings from the Cockroach for Neurophysiological Instruction and Demonstration,1,0,4,2,2
Plants & algae,9,"1(1), 2002",Action Potentials in a Giant Algal Cell: A Comparative Approach to Mechanisms and Evolution of Excitability,2,0,1,4,2
Chick / birds,8,"8(1), 2009",Modular Digital Course in Undergraduate Neuroscience Education (MDCUNE): A Website Offering Free Digital Tools for Neuroscience Educators,0,1,3,3,1
Cat / dog,8,"7(2), 2009",Every Cell Counts: An Inquiry-Based Approach to Address a Novel Research Question in an Undergraduate Neuroscience Lab,0,1,1,5,1
Cricket,7,"8(1), 2009",Teaching Laboratory Neuroscience at Bowdoin: The Laboratory Instructor Perspective,0,1,3,1,2
C. elegans,7,"8(2), 2010",Exploration of Gerontogenes in the Nervous System: A Multi-Level Neurogenomics Laboratory Module for an Intermediate Neuroscience and Behavior Course,0,1,1,3,2
Frog / Xenopus,6,"4(2), 2006",Responses to Sounds in the Central Auditory System of the Frog: An Advanced Electrophysiology Laboratory in Sensory Processing,1,1,1,2,1
Other fish,5,"5(2), 2007","IFEL TOUR: A Description of the Introduction to FUN Electrophysiology Labs Workshop at Bowdoin College, July 27-30, and the Resultant Faculty Learning Community",1,2,1,0,1
Non-human primates,5,"1(1), 2002",The Emergence of Non-Match-to-Sample Behavior in the Developing Rat Pup,1,1,1,2,0
Earthworm,5,"2(1), 2003",An Online Lab Manual for Neurophysiology,1,1,1,2,0
Snail,4,"5(2), 2007","IFEL TOUR: A Description of the Introduction to FUN Electrophysiology Labs Workshop at Bowdoin College, July 27-30, and the Resultant Faculty Learning Community",1,1,0,2,0
Squid / octopus,4,"4(2), 2006",MATLAB-based Simulation of Whole-Cell and Single-Channel Currents,1,0,1,2,0
Honey bee,4,"1(2), 2003",Mentoring Undergraduate Students in Neuroscience Research: A Model System at Baldwin-Wallace College,1,1,0,2,0
Salamander / axolotl,1,"4(1), 2005",An Investigative Laboratory Exercise Examining the Cell Signaling and Regulatory Properties of Neurons in the Regenerating Forelimbs of the Axolotl Ambystoma mexicanum,1,0,0,0,0
Planaria,1,"7(2), 2009",The Flatworm Planaria as a Toxicology and Behavioral Pharmacology Animal Model in Undergraduate Research Experiences,0,1,0,0,0
Aplysia / sea slug,1,"16(2), 2018",The Olfactory Proboscis Extension Response in the Honey Bee: A Laboratory Exercise in Classical Conditioning,0,0,0,1,0
Reptiles,0,,,0,0,0,0,0
Leech,0,,,0,0,0,0,0
