rank,title,first_author,year_label,volume(issue),item_type,FUN workshop,citations_total,citations_first_5_years,url
1,Opinion: Science Communication to the General Public: Why We Need to Teach Undergraduate and Graduate Students this Skill as Part of Their Formal Scientific Training,Brownell,2013,12(1),editorial,,414,52,https://www.funjournal.org/wp-content/uploads/2015/09/june-12-e6.pdf
2,Retention of Underrepresented Minority Faculty: Strategic Initiatives for Institutional Value Proposition Based on Perspectives from a Range of Academic Institutions,Joseph,2015,13(3),article,yes,157,35,https://www.funjournal.org/wp-content/uploads/2015/09/june-13-136.pdf
3,Methods for Handling Missing Data in the Behavioral Neurosciences: Don’t Throw the Baby Rat out with the Bath Water,Rubin,2007,5(2),article,,131,3,https://www.funjournal.org/wp-content/uploads/2015/09/RubinetalJUNEs07.pdf
4,Classroom Activities: Simple Strategies to Incorporate Student-Centered Activities within Undergraduate Science Lectures,Lom,2012,11(1),article,yes,106,31,https://www.funjournal.org/wp-content/uploads/2015/09/lom-_-11_1_a64_a71.pdf
5,Cultivating Diversity and Competency in STEM: Challenges and Remedies for Removing Virtual Barriers to Constructing Diverse Higher Education Communities of Success,Whittaker,2012,11(1),article,yes,72,13,https://www.funjournal.org/wp-content/uploads/2015/09/whittaker_montgomery_11_1_a44_a51.pdf
6,Using ImageJ to Assess Neurite Outgrowth in Mammalian Cell Cultures: Research Data Quantification Exercises in Undergraduate Neuroscience Lab,Pemberton,2018,16(2),article,,60,34,https://www.funjournal.org/wp-content/uploads/2018/06/june-16-186.pdf
7,Why Students Cheat and How Understanding This Can Help Reduce the Frequency of Academic Misconduct in Higher Education: A Literature Review,Miles,2022,20(2),article,yes,56,,https://doi.org/10.59390/LXMJ2920
8,Measuring Salivary Cortisol in the Behavioral Neuroscience Laboratory,Kalman,2004,2(2),article,,53,5,https://www.funjournal.org/wp-content/uploads/2015/09/KalmanA41.pdf
9,Undergraduate Neuroscience Education in the U.S.: An Analysis using Data from the National Center for Education Statistics,Ramos,2011,9(2),article,,50,11,https://www.funjournal.org/wp-content/uploads/2015/09/ramos_etal_9_2_a66_a70.pdf
10,A Discussion of Diversity and Inclusivity at the Institutional Level: The Need For a Strategic Plan,Martinez,2018,16(3),article,yes,47,26,https://www.funjournal.org/wp-content/uploads/2018/08/june-16-252.pdf
11,Column Chromatography Analysis of Brain Tissue: An Advanced Laboratory Exercise for Neuroscience Majors,Church,2005,3(2),article,,46,16,https://www.funjournal.org/wp-content/uploads/2015/09/Church.pdf
12,"Introduction to the Hypothalamic-Pituitary-Adrenal Axis: Healthy and Dysregulated Stress Responses, Developmental Stress and Neurodegeneration",close,2018,16(2),review,,44,14,https://www.funjournal.org/wp-content/uploads/2018/06/june-16-r59.pdf
13,"Vision and Change in Undergraduate Biology Education: A Call to Action Presentation to Faculty for Undergraduate Neuroscience, July 2011",Ledbetter,2012,11(1),article,yes,41,4,https://www.funjournal.org/wp-content/uploads/2015/09/ledbetter_11_1_a22_a26.pdf
14,The New Blueprints: Undergraduate Neuroscience Education in the Twenty-First Century,Wiertelak,2018,16(3),article,yes,37,26,https://www.funjournal.org/wp-content/uploads/2018/07/june-16-244.pdf
15,Undergraduate Neuroscience Education: Blueprints for the 21st Century,Eric,2008,6(2),article,,37,7,https://www.funjournal.org/wp-content/uploads/2015/09/WiertelakRamirezJUNEs08.pdf
16,Identifying and Using ‘Core Competencies’ to Help Design and Assess Undergraduate Neuroscience Curricula,Kerchner,2012,11(1),article,yes,37,9,https://www.funjournal.org/wp-content/uploads/2015/09/kerchner_etal_11_1_a27_a37.pdf
17,Complementing Neurophysiology Education for Developing Countries via Cost-Effective Virtual Labs: Case Studies and Classroom Scenarios,Diwakar,2014,12(2),article,,35,20,https://www.funjournal.org/wp-content/uploads/2015/09/june-12-130.pdf
18,A Mind of Their Own: Using Inquiry-based Teaching to Build Critical Thinking Skills and Intellectual Engagement in an Undergraduate Neuroanatomy Course,Greenwald,2014,12(2),article,,33,12,https://www.funjournal.org/wp-content/uploads/2015/09/june-12-100.pdf
19,Undergraduate Biocuration: Developing Tomorrow’s Researchers While Mining Today’s Data,Cassie,2015,14(1),article,,32,15,https://www.funjournal.org/wp-content/uploads/2015/10/june-14-56.pdf
20,Controversies in Neuroscience: A Literature-Based Course for First year Undergraduates that Improves Scientific Confidence While Teaching Concepts,Willard,2014,12(2),article,,32,14,https://www.funjournal.org/wp-content/uploads/2015/09/june-12-159.pdf
