volume,Simulations & models,Programming & coding,Open data & databases,Image & data-analysis software,any of these,all articles in volume,% of volume's articles
1,0,0,0,1,1,8,12.5
2,1,0,0,0,1,9,11.1
3,0,0,0,0,0,11,0.0
4,3,2,0,0,4,11,36.4
5,0,0,1,0,1,11,9.1
6,1,0,0,1,2,12,16.7
7,2,0,0,0,2,12,16.7
8,3,0,2,0,5,26,19.2
9,1,0,0,0,1,15,6.7
10,0,1,0,0,1,19,5.3
11,1,1,2,0,3,30,10.0
12,3,0,0,1,4,23,17.4
13,0,1,1,0,2,33,6.1
14,2,2,1,0,4,21,19.0
15,2,1,0,0,3,29,10.3
16,4,0,2,1,7,45,15.6
17,0,0,0,0,0,24,0.0
18,0,1,0,1,2,17,11.8
19,1,4,2,0,6,23,26.1
20,2,2,4,1,8,43,18.6
21,1,0,2,0,3,20,15.0
22,1,3,2,1,7,35,20.0
23,0,0,0,0,0,13,0.0
24,1,3,0,1,4,18,22.2
