item_id,volume,issue,year_label,title,themes,checked
JUNE-17-1-03,17,1,2018,Analysis of Student Attitudes of a Neurobiology Themed Inquiry Based Research Experience in First Year Biology Labs,F,
JUNE-17-1-16,17,1,2018,Classroom-Based Research Experiences to Support Underserved STEM Student Success: From Introductory Inquiry to Optogenetics in the Embryonic Chicken,A; J,
JUNE-18-1-03,18,1,2019,Cognitive and Non-Cognitive Outcomes Associated with Student Engagement in a Novel Brain Chemoarchitecture Mapping Course-Based Undergraduate Research Experience,H; I; J,
JUNE-18-1-07,18,1,2019,Versatile Undergraduate Neurobiology Course-Based Research Experiences Using Open Access 3D Electron Microscopy Image Volumes,B; J,
JUNE-18-2-04,18,2,2020,Chick Embryonic Primary Astrocyte Cultures Provide an Effective and Scalable Model for Authentic Research in a Laboratory Class,A; B; I,
JUNE-19-1-03,19,1,2020,Dissecting the Molecular and Neural Circuit Bases of Behavior as an Introduction to Discovery-Driven Research: A Report on a Course-Based Undergraduate Research Experience,E; G,
JUNE-19-1-07,19,1,2020,Integrating Research into the Undergraduate Curriculum: 2. Scaffolding Research Skills and Transitioning toward Independent Research,,
JUNE-19-2-08,19,2,2021,"Assessment of Mapping the Brain , a Novel Research and Neurotechnology Based Approach for the Modern Neuroscience Classroom",B,
JUNE-19-2-09,19,2,2021,A Course-Based Research Experience Using the Allen Brain Map: From Research Question to Poster Session,J,
JUNE-20-1-07,20,1,2021,"The Spine Lab: A Short-Duration, Fully-Remote Course-Based Undergraduate Research Experience",B,
JUNE-21-1-04,21,1,2022,A Versatile Psychoneuroimmunology Course-based Undergraduate Research Experience,D; G,
JUNE-21-2-06,21,2,2023,The COVID-19 and Taste Lab: A Mini Course-based Undergraduate Research Experience on Taste Differences and COVID-19 Susceptibility,E; G,
JUNE-22-1-02,22,1,2023,A Versatile Semester-Long Course-Based Undergraduate Research Experience using Optogenetics and RNAi to Identify Genes Important for Synapse Function,B; E; F; G; J,
JUNE-23-1-06,23,1,2024,An Integrative Brain and Behavior CURE (Course-Based Undergraduate Research Experience) Using Immunohistochemistry in the Fighting Fish Betta splendens,G; J,
JUNE-24-2-02,24,2,2026,Comparative Investigations of the Neurophysiological Mechanisms of Escape Behavior: A Course-based Undergraduate Research Experience,F; G; J,
