keyword,articles,"% of articles, Vol 1–5 (2002–2007)","% of articles, Vol 6–10 (2007–2012)","% of articles, Vol 11–15 (2012–2017)","% of articles, Vol 16–20 (2017–2022)","% of articles, Vol 21–24 (2022–2026)"
active learning,33,0.0,0.0,6.6,10.5,9.3
neuroanatomy,21,4.0,6.0,1.5,5.3,4.7
electrophysiology,21,2.0,0.0,6.6,5.3,3.5
case study,18,2.0,0.0,3.7,5.9,3.5
action potential,17,4.0,4.8,2.9,2.6,3.5
neurophysiology,15,4.0,2.4,2.9,2.6,3.5
outreach,14,0.0,1.2,2.9,2.6,5.8
cure,14,0.0,0.0,0.0,5.3,7.0
assessment,13,0.0,1.2,2.9,3.9,2.3
service learning,12,2.0,2.4,2.2,3.3,1.2
neuron,12,4.0,4.8,3.7,0.7,0.0
interdisciplinary,12,0.0,1.2,3.7,2.0,3.5
simulation,12,2.0,2.4,2.2,3.3,1.2
behavior,11,0.0,4.8,1.5,2.0,2.3
primary literature,11,0.0,0.0,1.5,5.9,0.0
eeg,11,0.0,4.8,2.2,1.3,2.3
undergraduate research,10,0.0,1.2,2.2,3.3,1.2
stem,10,0.0,0.0,1.5,5.3,0.0
diversity,10,0.0,0.0,1.5,3.9,2.3
physiology,9,0.0,3.6,2.9,0.7,1.2
drosophila,9,2.0,1.2,2.2,2.0,1.2
neuropharmacology,8,0.0,0.0,3.7,0.7,2.3
memory,8,2.0,1.2,2.2,1.3,1.2
pharmacology,8,0.0,1.2,3.7,1.3,0.0
addiction,8,0.0,0.0,4.4,0.7,1.2
