volume,years,article,editorial,review,case study,technical,total,of which FUN workshop items
1,2002–2003,8,3,7,0,0,18,0
2,2003–2004,9,3,5,0,0,17,0
3,2004–2005,11,3,2,0,0,16,0
4,2005–2006,11,6,2,0,0,19,0
5,2006–2007,11,8,5,0,0,24,0
6,2007–2008,12,4,2,0,0,18,0
7,2008–2009,12,4,1,0,0,17,0
8,2009–2010,26,2,0,0,0,28,19
9,2010–2011,15,5,0,0,0,20,0
10,2011–2012,19,4,0,0,0,23,0
11,2012–2013,30,3,2,0,0,35,29
12,2013–2014,23,4,3,0,0,30,0
13,2014–2015,33,5,8,0,0,46,20
14,2015–2016,20,8,10,1,0,39,0
15,2016–2017,25,7,11,4,0,47,0
16,2017–2018,43,11,11,2,0,67,21
17,2018–2019,21,4,2,1,2,30,0
18,2019–2020,13,3,0,3,1,20,0
19,2020–2021,22,2,10,1,0,35,0
20,2021–2022,42,10,4,1,0,57,28
21,2022–2023,20,4,1,0,0,25,0
22,2023–2024,35,7,3,0,0,45,16
23,2024–2025,13,5,1,0,0,19,0
24,2025–2026,18,1,2,0,0,21,0
