main_topic_name,top words,Vol 1–5 (2002–2007),Vol 6–10 (2007–2012),Vol 11–15 (2012–2017),Vol 16–20 (2017–2022),Vol 21–24 (2022–2026),all eras
Topic 10,"science, interdisciplinary, curriculum, knowledge, majors, design, sciences, stem, social, core",12.0,14.3,17.6,11.8,16.3,14.6
Topic 1,"laboratory, data, behavioral, animal, experimental, design, analysis, lab, techniques, projects",28.0,22.6,6.6,11.2,8.1,13.0
Topic 12,"active, lecture, game, activity, large, thinking, traditional, performance, content, critical thinking",2.0,2.4,8.8,7.9,15.1,7.9
Topic 13,"neural, computational, network, simulations, simulation, computer, networks, models, neuron, circuit",10.0,7.1,7.4,6.6,10.5,7.9
Topic 11,"graduate, diversity, training, institutions, academic, stem, urm, phd, underrepresented, school",8.0,8.3,4.4,9.2,8.1,7.5
Topic 7,"outreach, school, community, service, high school, high, college, activities, awareness, university",2.0,6.0,8.1,6.6,5.8,6.3
Topic 5,"online, lab, video, in-person, virtual, instruction, pandemic, remote, resources, labs",6.0,3.6,2.9,10.5,4.7,5.9
Topic 14,"drosophila, behavior, optogenetics, neurons, behaviors, elegans, module, genetics, genetic, neural",4.0,4.8,7.4,5.3,5.8,5.7
Topic 3,"brain, allen, data, allen brain, neuroanatomy, atlas, brain atlas, open, cure, big",0.0,3.6,2.9,9.9,7.0,5.5
Topic 4,"fun, faculty, workshop, june, college, survey, summer, workshops, sfn, july",4.0,10.7,6.6,3.3,2.3,5.3
Topic 6,"action, potentials, potential, recording, action potential, action potentials, neurophysiology, nerve, extracellular, responses",8.0,4.8,8.8,2.6,3.5,5.3
Topic 9,"exercise, taste, laboratory exercise, sensory, perception, sensation, laboratory, sweet, processing, fruit",10.0,3.6,8.1,3.3,2.3,5.1
Topic 2,"case, case studies, studies, neuroanatomy, primary, cases, patient, symptoms, adapted, neurological",2.0,2.4,3.7,6.6,4.7,4.3
Topic 0,"writing, scientific, literature, primary, primary literature, assignment, communication, peer, articles, review",4.0,2.4,2.9,3.9,2.3,3.1
Topic 8,"eeg, cognitive, electroencephalography eeg, electroencephalography, erp, laboratory, event-related, equipment, electroencephalogram, fmri",0.0,3.6,3.7,1.3,3.5,2.6
