item_id,year_label,volume,issue,section,subtype,item_type,is_fun_workshop,workshop_name,title,authors,first_author,reviewed_work_author,page_prefix,page_start,page_end,doi,pdf_url,article_page_url,issue_url,n_supplements,abstract,keywords,source,flags
JUNE-01-1-01,2002,1,1,Editorials,,editorial,False,,Introducing The Journal of Undergraduate Neuroscience Education (JUNE),,Lom,,E,1,,,https://www.funjournal.org/wp-content/uploads/2015/09/LomE1.pdf,,https://www.funjournal.org/2002-volume-1-issue-1/,0,,,funjournal.org,no authors found
JUNE-03-1-01,2004,3,1,Editorials,,editorial,False,,Developing Graduate-Undergraduate Neuroscience Connections,AG Gittis,Gittis,,,,,,https://www.funjournal.org/wp-content/uploads/2015/09/gittis.pdf,,https://www.funjournal.org/2004-volume-3-issue-1/,0,,,funjournal.org,no page number
JUNE-03-1-02,2004,3,1,Articles,,article,False,,An Inexpensive Alternative to Commercial Infrared Sensors,WJ Wilson,Wilson,,,,,,https://www.funjournal.org/wp-content/uploads/2015/09/wilson.pdf,,https://www.funjournal.org/2004-volume-3-issue-1/,0,,,funjournal.org,no page number
JUNE-03-1-03,2004,3,1,Articles,,article,False,,Reconstructing the Paradigm: Teaching Across the Disciplines,C Brown & A Pollack,Brown,,,,,,https://www.funjournal.org/wp-content/uploads/2015/09/brownandpollack.pdf,,https://www.funjournal.org/2004-volume-3-issue-1/,0,,,funjournal.org,no page number
JUNE-03-1-04,2004,3,1,Articles,,article,False,,"Emotional Arousal, Blood Glucose Levels, and Memory Modulation: Three Laboratory Exercises in Cognitive Neuroscience","RW Flint, Jr",Flint,,,,,,https://www.funjournal.org/wp-content/uploads/2015/09/flint.pdf,,https://www.funjournal.org/2004-volume-3-issue-1/,0,,,funjournal.org,no page number
JUNE-03-1-05,2004,3,1,Articles,,article,False,,Tools for Physiology Labs: Inexpensive Equipment for Physiological Stimulation,"BR Land, BR Johnson, RA Wyttenbach, & RR Hoy",Land,,,,,,https://www.funjournal.org/wp-content/uploads/2015/09/land.pdf,,https://www.funjournal.org/2004-volume-3-issue-1/,0,,,funjournal.org,no page number
JUNE-03-1-06,2004,3,1,Articles,,article,False,,Allegheny College Hosts Neuroscience and Humanities Summer Institute,EM Macel,Macel,,,,,,https://www.funjournal.org/wp-content/uploads/2015/09/macel.pdf,,https://www.funjournal.org/2004-volume-3-issue-1/,0,,,funjournal.org,no page number
JUNE-03-1-07,2004,3,1,Articles,,article,False,,Helping Students Get Into Graduate School,BA Fischer & MJ Zigmond,Fischer,,,,,,https://www.funjournal.org/wp-content/uploads/2015/09/fisherandzigmond.pdf,,https://www.funjournal.org/2004-volume-3-issue-1/,0,,,funjournal.org,no page number
JUNE-03-2-01,2005,3,2,Editorials,,editorial,False,,Preparing the Next Generation of Neuroscience Educators,JC Hardwick,Hardwick,,,,,,https://www.funjournal.org/wp-content/uploads/2015/09/Hardwick.pdf,,https://www.funjournal.org/2005-volume-3-issue-2/,0,,,funjournal.org,no page number
JUNE-03-2-02,2005,3,2,Editorials,,editorial,False,,An Interview with Carla Shatz – Harvard’s First Female Neurobiology Chair,CA Paul,Paul,,,,,,https://www.funjournal.org/wp-content/uploads/2015/09/PaulShatz.pdf,,https://www.funjournal.org/2005-volume-3-issue-2/,0,,,funjournal.org,no page number
JUNE-03-2-03,2005,3,2,Articles,,article,False,,A Laboratory Exercise Demonstrating the Limited Circumstances in which the Cerebral Cortex is Engaged in Over Ground Locomotion,JA Buford,Buford,,,,,,https://www.funjournal.org/wp-content/uploads/2015/09/Buford.pdf,,https://www.funjournal.org/2005-volume-3-issue-2/,0,,,funjournal.org,no page number
JUNE-03-2-04,2005,3,2,Articles,,article,False,,The Clinical Neuroscience Course: Viewing Mental Health from Neurobiological Perspectives,KG Lambert,Lambert,,,,,,https://www.funjournal.org/wp-content/uploads/2015/09/Lambert.pdf,,https://www.funjournal.org/2005-volume-3-issue-2/,0,,,funjournal.org,no page number
JUNE-03-2-05,2005,3,2,Articles,,article,False,,Promoting Information Competency in Biological Psychology,LA Freberg and G Brosnan-Watters,Freberg,,,,,,https://www.funjournal.org/wp-content/uploads/2015/09/Freberg.pdf,,https://www.funjournal.org/2005-volume-3-issue-2/,0,,,funjournal.org,no page number
JUNE-03-2-06,2005,3,2,Articles,,article,False,,Use of the Herb Gymnema sylvestre to Illustrate the Principles of Gustatory Sensation: An Undergraduate Neuroscience Laboratory Exercise,JA Schroeder and E Flannery-Schroeder,Schroeder,,,,,,https://www.funjournal.org/wp-content/uploads/2015/09/Schroeder.pdf,,https://www.funjournal.org/2005-volume-3-issue-2/,0,,,funjournal.org,no page number
JUNE-03-2-07,2005,3,2,Articles,,article,False,,Column Chromatography Analysis of Brain Tissue: An Advanced Laboratory Exercise for Neuroscience Majors,WH Church,Church,,,,,,https://www.funjournal.org/wp-content/uploads/2015/09/Church.pdf,,https://www.funjournal.org/2005-volume-3-issue-2/,0,,,funjournal.org,no page number
JUNE-03-2-08,2005,3,2,Media Reviews,BOOK REVIEW,review,False,,"BOOK REVIEW: Writing With Style: APA Style Made Easy, Third Edition",KS Multhaup,Multhaup,,,,,,https://www.funjournal.org/wp-content/uploads/2015/09/Multhaup.pdf,,https://www.funjournal.org/2005-volume-3-issue-2/,0,,,funjournal.org,no page number
JUNE-03-2-09,2005,3,2,Media Reviews,OF NOTE,review,False,,OF NOTE: Brief Reviews of Resources for Undergraduate Neuroscience Educators,collected by B Lom,collected,,,,,,https://www.funjournal.org/wp-content/uploads/2015/09/OfNote.pdf,,https://www.funjournal.org/2005-volume-3-issue-2/,0,,,funjournal.org,no page number
JUNE-04-1-01,2005,4,1,Editorials,,editorial,False,,Essay: There’s a Pony in Here Somewhere! Reflections on Integrating Teaching and Research at Predominantly Undergraduate Institutions,JJ Ramirez,Ramirez,,,,,,https://www.funjournal.org/wp-content/uploads/2015/09/RamirezPony2005.pdf,,https://www.funjournal.org/2005-volume-4-issue-1/,0,,,funjournal.org,no page number
JUNE-04-1-02,2005,4,1,Editorials,,editorial,False,,An Interview with Neurogeneticist Rudolph Tanzi,B Lom,Lom,,,,,,https://www.funjournal.org/wp-content/uploads/2015/09/tanziinterviewedit.pdf,,https://www.funjournal.org/2005-volume-4-issue-1/,0,,,funjournal.org,no page number
JUNE-04-1-03,2005,4,1,Editorials,,editorial,False,,Editorial: Blueprints for Undergraduate Neuroscience Curricula: Roadmaps to What End?,M Kerchner,Kerchner,,,,,,https://www.funjournal.org/wp-content/uploads/2015/09/KerchnerBlueprints.pdf,,https://www.funjournal.org/2005-volume-4-issue-1/,0,,,funjournal.org,no page number
JUNE-04-1-04,2005,4,1,Articles,,article,False,,A Rationale and Outline for an Undergraduate Course on the Philosophy and History of Science for Life Science Students,PE Hockberger & RJ Miller,Hockberger,,,,,,https://www.funjournal.org/wp-content/uploads/2015/09/hockberger.pdf,,https://www.funjournal.org/2005-volume-4-issue-1/,0,,,funjournal.org,no page number
JUNE-04-1-05,2005,4,1,Articles,,article,False,,Demonstrating the Temperature Sensitivity of Synaptic Transmission in a Drosophila Mutant,"JL Krans, PK Rivlin, & RR Hoy",Krans,,,,,,https://www.funjournal.org/wp-content/uploads/2016/06/Kransetal.pdf,,https://www.funjournal.org/2005-volume-4-issue-1/,3,,,funjournal.org,no page number
JUNE-04-1-06,2005,4,1,Articles,,article,False,,ols for Physiology Labs: An Inexpensive Means of Temperature Control,JL Krans & RR Hoy,Krans,,,,,,https://www.funjournal.org/wp-content/uploads/2015/09/kranshoy.pdf,,https://www.funjournal.org/2005-volume-4-issue-1/,0,,,funjournal.org,no page number
JUNE-04-1-07,2005,4,1,Articles,,article,False,,An Investigative Laboratory Exercise Examining the Cell Signaling and Regulatory Properties of Neurons in the Regenerating Forelimbs of the Axolotl Ambystoma mexicanum,KS Mead,Mead,,,,,,https://www.funjournal.org/wp-content/uploads/2015/09/mead.pdf,,https://www.funjournal.org/2005-volume-4-issue-1/,0,,,funjournal.org,no page number
JUNE-04-1-08,2005,4,1,Articles,,article,False,,Get the Rhythm: Modeling Neuronal Activity,"P Meuth, SG Meuth, D Jacobi, T Broicher, H-C Pape, & T Budde",Meuth,,,,,,https://www.funjournal.org/wp-content/uploads/2015/09/meuthBLrevs.pdf,,https://www.funjournal.org/2005-volume-4-issue-1/,0,,,funjournal.org,no page number
JUNE-04-1-09,2005,4,1,Articles,,article,False,,Writing to Learn: An Evaluation of the Calibrated Peer Review™ Program in Two Neuroscience Courses,JR Prichard,Prichard,,,,,,https://www.funjournal.org/wp-content/uploads/2015/09/pritchard.pdf,,https://www.funjournal.org/2005-volume-4-issue-1/,0,,,funjournal.org,no page number
JUNE-04-1-10,2005,4,1,Media Reviews,,review,False,,Textbook Review: Behavioral Neurobiology. An integrative approach.,JM Wotton,Wotton,,,,,,https://www.funjournal.org/wp-content/uploads/2015/09/wotton.pdf,,https://www.funjournal.org/2005-volume-4-issue-1/,0,,,funjournal.org,no page number
JUNE-04-2-01,2006,4,2,Editorials,,editorial,False,,Editorial: Neuro Now!: Should Neuroscience be a Department or a Program?,RS Lewis,Lewis,,,,,,https://www.funjournal.org/wp-content/uploads/2015/09/LewisEditorial.pdf,,https://www.funjournal.org/2006-volume-4-issue-2/,0,,,funjournal.org,no page number
JUNE-04-2-02,2006,4,2,Editorials,,editorial,False,,Essay: Funding Undergraduate Neuroscience Education: CCLI Yesterday and Today,"N Pruitt, JR Small, & T Woodin",Pruitt,,,,,,https://www.funjournal.org/wp-content/uploads/2015/09/Pruittetal.pdf,,https://www.funjournal.org/2006-volume-4-issue-2/,0,,,funjournal.org,no page number
JUNE-04-2-03,2006,4,2,Editorials,,editorial,False,,erview: Nature or Nurture – Is A Successful Neuroscientist Born or Created? Interview with Rusty Gage,CA Paul,Paul,,,,,,https://www.funjournal.org/wp-content/uploads/2015/09/Paul.pdf,,https://www.funjournal.org/2006-volume-4-issue-2/,0,,,funjournal.org,no page number
JUNE-04-2-04,2006,4,2,Articles,,article,False,,Teaching Basic Principles of Neuroscience with Computer Simulations,"E Av-Ron, JH Byrne, & DA Baxter",Av-Ron,,,,,,https://www.funjournal.org/wp-content/uploads/2015/09/avronetal.pdf,,https://www.funjournal.org/2006-volume-4-issue-2/,0,,,funjournal.org,no page number
JUNE-04-2-05,2006,4,2,Articles,,article,False,,Responses to Sounds in the Central Auditory System of the Frog: An Advanced Electrophysiology Laboratory in Sensory Processing,MJ Ferragamo & JM Wotton,Ferragamo,,,,,,https://www.funjournal.org/wp-content/uploads/2015/09/FerragamoWotton.pdf,,https://www.funjournal.org/2006-volume-4-issue-2/,0,,,funjournal.org,no page number
JUNE-04-2-06,2006,4,2,Articles,,article,False,,An Undergraduate Course on Publishing in Neuroscience,"LS Jones, LC Black, L Bright, C Meekins, V Thakur, & C Warren",Jones,,,,,,https://www.funjournal.org/wp-content/uploads/2015/09/jonesetal.pdf,,https://www.funjournal.org/2006-volume-4-issue-2/,0,,,funjournal.org,no page number
JUNE-04-2-07,2006,4,2,Articles,,article,False,,Using Extracellular Single-unit Electrophysiological Data as a Substrate for Investigative Laboratory Exercises,GA Cousens & GM Muir,Cousens,,,,,,https://www.funjournal.org/wp-content/uploads/2015/09/CousensMuir.pdf,,https://www.funjournal.org/2006-volume-4-issue-2/,0,,,funjournal.org,no page number
JUNE-04-2-08,2006,4,2,Articles,,article,False,,MATLAB-based Simulation of Whole-Cell and Single-Channel Currents,"SC Molitor, M Tong, & D Vora",Molitor,,,,,,https://www.funjournal.org/wp-content/uploads/2015/09/molitoretal.pdf,,https://www.funjournal.org/2006-volume-4-issue-2/,0,,,funjournal.org,no page number
JUNE-04-2-09,2006,4,2,Media Reviews,,review,False,,Textbook Review: The Design of Experiments in Neuroscience,K Cameron,Cameron,,,,,,https://www.funjournal.org/wp-content/uploads/2015/09/Cameron.pdf,,https://www.funjournal.org/2006-volume-4-issue-2/,0,,,funjournal.org,no page number
JUNE-05-1-02,2006,5,1,Editorials,,editorial,False,,"Interview: Neuroethologist Ron Hoy on College, Careers, and Crawdads",J Ruble,Ruble,,,,,,https://www.funjournal.org/wp-content/uploads/2015/09/RubleInterviewofHoy.pdf,,https://www.funjournal.org/2006-volume-5-issue-1/,0,,,funjournal.org,no page number
JUNE-05-1-03,2006,5,1,Articles,,article,False,,Functional Magnetic Resonance Imaging (fMRI): A Brief Exercise for an Undergraduate Laboratory Course,MW Hurd & DJ Vincent,Hurd,,,,,,https://www.funjournal.org/wp-content/uploads/2015/09/HurdJUNEf06.pdf,,https://www.funjournal.org/2006-volume-5-issue-1/,0,,,funjournal.org,no page number
JUNE-05-1-04,2006,5,1,Articles,,article,False,,Collaborative Research in Teaching: Collaboration between Laboratory Courses at Neighboring Institutions,"JR Yates, N Curtis, & SJ Ramus",Yates,,,,,,https://www.funjournal.org/wp-content/uploads/2015/09/YatesJUNEf06.pdf,,https://www.funjournal.org/2006-volume-5-issue-1/,0,,,funjournal.org,no page number
JUNE-05-1-05,2006,5,1,Articles,,article,False,,"Cultivation of an Interdisciplinary, Research-Based Neuroscience Minor at Hope College","LA Chase, J Stewart, & CC Barney",Chase,,,,,,https://www.funjournal.org/wp-content/uploads/2015/09/ChaseJUNEf06.pdf,,https://www.funjournal.org/2006-volume-5-issue-1/,0,,,funjournal.org,no page number
JUNE-05-1-06,2006,5,1,Articles,,article,False,,Using Biographies to Illustrate the Intrapersonal and Interpersonal Dynamics of Science,M Mori & S Larson,Mori,,,,,,https://www.funjournal.org/wp-content/uploads/2015/09/MoriLarsonJUNEf06.pdf,,https://www.funjournal.org/2006-volume-5-issue-1/,0,,,funjournal.org,no page number
JUNE-05-1-07,2006,5,1,Media Reviews,,review,False,,Technology Review: Data Acquisition and Display for Electrophysiology: PC Oscilloscopes,S George,George,,,,,,https://www.funjournal.org/wp-content/uploads/2015/09/GeorgeJUNEf06.pdf,,https://www.funjournal.org/2006-volume-5-issue-1/,0,,,funjournal.org,no page number
JUNE-05-1-08,2006,5,1,Media Reviews,,review,False,,Textbook Review: Discovering Biological Psychology,G Brosnan-Watters,Brosnan-Watters,,,,,,https://www.funjournal.org/wp-content/uploads/2015/09/Brosnanwattersreview.pdf,,https://www.funjournal.org/2006-volume-5-issue-1/,0,,,funjournal.org,no page number
JUNE-05-1-09,2006,5,1,Media Reviews,,review,False,,Media Review: The Neuron Connection: Modeling Parkinson’s Disease,AE Pollack,Pollack,,,,,,https://www.funjournal.org/wp-content/uploads/2015/09/pollackreview.pdf,,https://www.funjournal.org/2006-volume-5-issue-1/,0,,,funjournal.org,no page number
JUNE-05-1-10,2006,5,1,Media Reviews,,review,False,,Media Review: Resources for Teaching Mammalian Neuroanatomy Using Sheep Brains,W Grisham,Grisham,,,,,,https://www.funjournal.org/wp-content/uploads/2015/09/GrishamSheepbrain.pdf,,https://www.funjournal.org/2006-volume-5-issue-1/,0,,,funjournal.org,no page number
JUNE-05-2-01,2007,5,2,Editorials,,editorial,False,,JUNE as the Voice for Undergraduate Neuroscience Education,Gary L. Dunbar,Gary,,,,,,https://www.funjournal.org/wp-content/uploads/2015/09/DunbarJUNEs07.pdf,,https://www.funjournal.org/2007-volume-5-issue-2/,0,,,funjournal.org,no page number
JUNE-05-2-02,2007,5,2,Editorials,,editorial,False,,Neuroscience and the Liberal Arts,JJ Ramirez,Ramirez,,,,,,https://www.funjournal.org/wp-content/uploads/2015/09/RamirezJUNEs07.pdf,,https://www.funjournal.org/2007-volume-5-issue-2/,0,,,funjournal.org,no page number
JUNE-05-2-03,2007,5,2,Editorials,,editorial,False,,Evolution and the Neuroscience Curriculum: A Call to Action,WJ Pizzi,Pizzi,,,,,,https://www.funjournal.org/wp-content/uploads/2015/09/PizziJUNEs07.pdf,,https://www.funjournal.org/2007-volume-5-issue-2/,0,,,funjournal.org,no page number
JUNE-05-2-04,2007,5,2,Editorials,,editorial,False,,Commentary: Work through SfN — but Keep Higher Education and K-12 Separate,RF Olivo,Olivo,,,,,,https://www.funjournal.org/wp-content/uploads/2015/09/OlivoJUNEs07.pdf,,https://www.funjournal.org/2007-volume-5-issue-2/,0,,,funjournal.org,no page number
JUNE-05-2-05,2007,5,2,Editorials,,editorial,False,,Commentary: Toward a Better Neuroscience Tomorrow: Thoughts on the Society for Neuroscience and the Undergraduate,EP Wiertelak,Wiertelak,,,,,,https://www.funjournal.org/wp-content/uploads/2015/09/wiertelakjunes07.pdf,,https://www.funjournal.org/2007-volume-5-issue-2/,0,,,funjournal.org,no page number
JUNE-05-2-06,2007,5,2,Articles,,article,False,,Teaching About the Brain and Reaching the Community: Undergraduates in the Pipeline Neuroscience Program at the University of Pennsylvania,"BL Edlow, K Hamilton, & RH Hamilton",Edlow,,,,,,https://www.funjournal.org/wp-content/uploads/2015/09/EdlowetalJUNEs07.pdf,,https://www.funjournal.org/2007-volume-5-issue-2/,0,,,funjournal.org,no page number
JUNE-05-2-07,2007,5,2,Articles,,article,False,,Methods for Handling Missing Data in the Behavioral Neurosciences: Don’t Throw the Baby Rat out with the Bath Water,"LH Rubin, K Witkiewitz, J St. Andre, & S Reilly",Rubin,,,,,,https://www.funjournal.org/wp-content/uploads/2015/09/RubinetalJUNEs07.pdf,,https://www.funjournal.org/2007-volume-5-issue-2/,0,,,funjournal.org,no page number
JUNE-05-2-08,2007,5,2,Articles,,article,False,,The Use of Case Studies in Teaching Undergraduate Neuroscience,WM Meil,Meil,,,,,,https://www.funjournal.org/wp-content/uploads/2015/09/MeilJUNEs07.pdf,,https://www.funjournal.org/2007-volume-5-issue-2/,0,,,funjournal.org,no page number
JUNE-05-2-09,2007,5,2,Articles,,article,False,,An Undergraduate Neuroscience Seminar Based on the Annual Meeting of the Society for Neuroscience,DJ Bucci & WA Falls,Bucci,,,,,,https://www.funjournal.org/wp-content/uploads/2015/09/buccifallsJUNEs07.pdf,,https://www.funjournal.org/2007-volume-5-issue-2/,0,,,funjournal.org,no page number
JUNE-05-2-10,2007,5,2,Articles,IFEL TOUR,article,False,,"IFEL TOUR: A Description of the Introduction to FUN Electrophysiology Labs Workshop at Bowdoin College, July 27-30, and the Resultant Faculty Learning Community","K Mead, J Dearworth, W Grisham, GA Herin, H Jarrard, CA Paul, R Waldeck, J Yates, & J Young",Mead,,,,,,https://www.funjournal.org/wp-content/uploads/2015/09/meadetaljunes07.pdf,,https://www.funjournal.org/2007-volume-5-issue-2/,0,,,funjournal.org,no page number
JUNE-05-2-11,2007,5,2,Articles,,article,False,,Use of the Pyrithiamine-Induced Thiamine Deficient Animal Model of Korskoff’s Syndrome for Exploratory Research Activities in Undergraduate Physiological Psychology,"RW Flint, Jr; JE Hill; LA Sandusky; & CL Marino",Flint,,,,,,https://www.funjournal.org/wp-content/uploads/2015/09/flintjunes07scanned.pdf,,https://www.funjournal.org/2007-volume-5-issue-2/,0,,,funjournal.org,no page number
JUNE-05-2-12,2007,5,2,Articles,,article,False,,Utility and Versatility of Extracellar Recordings from the Cockroach for Neurophysiological Instruction and Demonstration,"RL Ramos, A Moiseff, & JC Brumberg",Ramos,,,,,,https://www.funjournal.org/wp-content/uploads/2015/09/ramosetaljunes07.pdf,,https://www.funjournal.org/2007-volume-5-issue-2/,5,,,funjournal.org,no page number
JUNE-05-2-13,2007,5,2,Media Reviews,,review,False,,Media Review: Shaken: Journey into the Mind of a Parkinson’s Patient,close content main element section close by builder template,close,KS Mead,,,,,https://www.funjournal.org/wp-content/uploads/2015/09/meadshakenjunes07.pdf,,https://www.funjournal.org/2007-volume-5-issue-2/,0,,,funjournal.org,no page number
JUNE-06-1-01,2007,6,1,Editorials,,editorial,False,,Mentorship: The Bond that Brings Us Together,GL Dunbar,Dunbar,,,,,,https://www.funjournal.org/wp-content/uploads/2015/09/DunbarJUNEf07.pdf,,https://www.funjournal.org/2007-volume-6-issue-1/,0,,,funjournal.org,no page number
JUNE-06-1-02,2007,6,1,Editorials,,editorial,False,,Interview: Darcy Kelley — Pioneering the Frontiers of Science Education,Julie Ruble,Julie,,,,,,https://www.funjournal.org/wp-content/uploads/2015/09/RubleInterviewDBKfall07.pdf,,https://www.funjournal.org/2007-volume-6-issue-1/,0,,,funjournal.org,no page number
JUNE-06-1-03,2007,6,1,Editorials,,editorial,False,,Letter to Editor: More on Literature and the History of Neuroscience: Using the Writings of Silas Weir Mitchell (1829–1914) in Teaching the History of Neuroscience,D Todman,Todman,,,,,,https://www.funjournal.org/wp-content/uploads/2015/09/TodmanJUNEf07.pdf,,https://www.funjournal.org/2007-volume-6-issue-1/,0,,,funjournal.org,no page number
JUNE-06-1-04,2007,6,1,Articles,,article,False,,DataView: A Tutorial Tool for Data Analysis. Template-based Spike Sorting and Frequency Analysis.,WJ Heitler,Heitler,,,,,,https://www.funjournal.org/wp-content/uploads/2015/09/HeitlerJUNEf07.pdf,,https://www.funjournal.org/2007-volume-6-issue-1/,0,,,funjournal.org,no page number
JUNE-06-1-05,2007,6,1,Articles,,article,False,,"Novel in silico Method for Teaching Cytoarchitecture, Cellular Diversity, and Gene Expression in the Mammalian Brain","RL Ramos, PT Smith, and JC Brumberg",Ramos,,,,,,https://www.funjournal.org/wp-content/uploads/2015/09/RamosetalJUNEf07.pdf,,https://www.funjournal.org/2007-volume-6-issue-1/,0,,,funjournal.org,no page number
JUNE-06-1-06,2007,6,1,Articles,,article,False,,Technical Note: Construction of a Simple Suction Electrode for Extracellular Recording and Stimulation,"BR Johnson, SA Hauptman, and RH Bonow",Johnson,,,,,,https://www.funjournal.org/wp-content/uploads/2015/09/JohnsonetalJUNEf07.pdf,,https://www.funjournal.org/2007-volume-6-issue-1/,0,,,funjournal.org,no page number
JUNE-06-1-07,2007,6,1,Articles,,article,False,,NorthEast Under/graduate Research Organization for Neuroscience (NEURON): Our Third New York City Meeting,"S Ramos Goyette, KL Edinger, V Luine, J Young, and CA Frye",Goyette,,,,,,https://www.funjournal.org/wp-content/uploads/2015/09/Ramos-GoyetteetalJUNEf07.pdf,,https://www.funjournal.org/2007-volume-6-issue-1/,0,,,funjournal.org,no page number
JUNE-06-1-08,2007,6,1,Articles,,article,False,,Dual Format Course Design: Neuroanatomy and Neurophysiology for Adult Learners,RI Estes,Estes,,,,,,https://www.funjournal.org/wp-content/uploads/2015/09/RIEstesJUNEf07.pdf,,https://www.funjournal.org/2007-volume-6-issue-1/,0,,,funjournal.org,no page number
JUNE-06-1-09,2007,6,1,Media Reviews,,review,False,,Media Review: An Introduction to Nervous Systems By Ralph H. Greenspan,BR Johnson,Johnson,,,,,,https://www.funjournal.org/wp-content/uploads/2015/09/JohnsonMedrevf07.pdf,,https://www.funjournal.org/2007-volume-6-issue-1/,0,,,funjournal.org,no page number
JUNE-06-2-01,2008,6,2,Editorials,,editorial,False,,New Challenges and Changes for JUNE,Gary L. Dunbar,Gary,,,,,,https://www.funjournal.org/wp-content/uploads/2015/09/Dunbareditorials08.pdf,,https://www.funjournal.org/2008-volume-6-issue-2/,0,,,funjournal.org,no page number
JUNE-06-2-02,2008,6,2,Articles,,article,False,,Undergraduate Neuroscience Education: Blueprints for the 21st Century,Eric P. Wiertelak and Julio J. Ramirez,Eric,,,,,,https://www.funjournal.org/wp-content/uploads/2015/09/WiertelakRamirezJUNEs08.pdf,,https://www.funjournal.org/2008-volume-6-issue-2/,0,,,funjournal.org,no page number
JUNE-06-2-03,2008,6,2,Articles,,article,False,,Using a Paradigm Shift to Teach Neurobiology and the Nature of Science—a C.R.E.A.T.E.-based Approach,Sally G. Hoskins,Sally,,,,,,https://www.funjournal.org/wp-content/uploads/2015/09/HoskinsJUNEs08proof1July9.pdf,,https://www.funjournal.org/2008-volume-6-issue-2/,0,,,funjournal.org,no page number
JUNE-06-2-04,2008,6,2,Articles,,article,False,,Demonstrating Cerebral Vascular Networks: A Comparison of Methods for the Teaching Laboratory,"Raddy L. Ramos, Phoebe T. Smith, Susan D. Croll, and Joshua C. Brumberg",Raddy,,,,,,https://www.funjournal.org/wp-content/uploads/2015/09/Ramos_s08.pdf,,https://www.funjournal.org/2008-volume-6-issue-2/,0,,,funjournal.org,no page number
JUNE-06-2-05,2008,6,2,Articles,,article,False,,Crayfish Aggression and the Androgenic Gland in a Behavior Lab for Non-Majors,Kristina S. Mead,Kristina,,,,,,https://www.funjournal.org/wp-content/uploads/2015/09/MeadJUNEs08.pdf,,https://www.funjournal.org/2008-volume-6-issue-2/,0,,,funjournal.org,no page number
JUNE-06-2-06,2008,6,2,Articles,,article,False,,Effective Use of Computer Simulations in an Introductory Neuroscience Laboratory,Joel P. Bish and Stephanie Schleidt,Joel,,,,,,https://www.funjournal.org/wp-content/uploads/2015/09/Bish_JUNE_s08.pdf,,https://www.funjournal.org/2008-volume-6-issue-2/,0,,,funjournal.org,no page number
JUNE-06-2-07,2008,6,2,Articles,,article,False,,Online Multimedia Teaching Tool for Parkinson’s Disease,"Greg Misiaszek, Michelle Riconscente, Maria Henke, and John P. Walsh",Greg,,,,,,https://www.funjournal.org/wp-content/uploads/2015/09/Misiaszek_JUNE_s08.pdf,,https://www.funjournal.org/2008-volume-6-issue-2/,0,,,funjournal.org,no page number
JUNE-06-2-08,2008,6,2,Articles,,article,False,,Adapting the Learning-Cycle to Enrich Undergraduate Neuroscience Education for All Students,Mark Stewart and Stasinos Stavrianeas,Mark,,,,,,https://www.funjournal.org/wp-content/uploads/2015/09/stewart_stavrianeas_JUNE_s08.pdf,,https://www.funjournal.org/2008-volume-6-issue-2/,0,,,funjournal.org,no page number
JUNE-06-2-09,2008,6,2,Media Reviews,TEXTBOOK REVIEW,review,False,,"Fundamentals of Human Neuropsychology, 6th Edition",Gina A. Mollet,Gina,Bryan Kolb and Ian Q. Whishaw,,,,,https://www.funjournal.org/wp-content/uploads/2015/09/kolbwhishaw_JUNE_s08.pdf,,https://www.funjournal.org/2008-volume-6-issue-2/,0,,,funjournal.org,no page number
JUNE-07-1-01,2008,7,1,Editorials,,editorial,False,,Lessons in Hope,Gary Dunbar,Gary,,,,,,https://www.funjournal.org/wp-content/uploads/2015/09/JUNEedlessonsinhopeF08.pdf,,https://www.funjournal.org/2008-volume-7-issue-1/,0,,,funjournal.org,no page number
JUNE-07-1-02,2008,7,1,Articles,SWIMMY,article,False,,SWIMMY: Free Software for Teaching Neurophysiology of Neuronal Circuits,"William Grisham, Natalie A. Schottler, and Franklin B. Krasne",William,,,,,,https://www.funjournal.org/wp-content/uploads/2015/09/grisham-etal-junef2008.pdf,,https://www.funjournal.org/2008-volume-7-issue-1/,0,,,funjournal.org,no page number
JUNE-07-1-03,2008,7,1,Articles,,article,False,,The Digital Microscope: A Tool for Teaching Laboratory Skills in Distance Learning Courses,Eleanor J. Dommett and Katherine S. Leys,Eleanor,,,,,,https://www.funjournal.org/wp-content/uploads/2015/09/Dommett-LeysJUNEf2008.pdf,,https://www.funjournal.org/2008-volume-7-issue-1/,0,,,funjournal.org,no page number
JUNE-07-1-04,2008,7,1,Articles,,article,False,,Experiencing Visuo-Motor Plasticity by Prism Adaptation in a Classroom Setting,Andrea Li,Andrea,,,,,,https://www.funjournal.org/wp-content/uploads/2015/09/LiJUNEf2008.pdf,,https://www.funjournal.org/2008-volume-7-issue-1/,0,,,funjournal.org,no page number
JUNE-07-1-05,2008,7,1,Articles,,article,False,,Virtual EEG: A Software-Based Electroencephalogram Designed for Undergraduate Neuroscience-Related Courses,"Benjamin R. Miller, Melissa Troyer, and Thomas Busey",Benjamin,,,,,,https://www.funjournal.org/wp-content/uploads/2015/09/MilleretalJUNEf2008.pdf,,https://www.funjournal.org/2008-volume-7-issue-1/,0,,,funjournal.org,no page number
JUNE-07-1-06,2008,7,1,Articles,,article,False,,"A Laboratory Exercise for a College-Level, Introductory Neuroscience Course Demonstrating Effects of Housing Environment on Anxiety and Psychostimulant Sensitivity","Laurel M. Pritchard, Tracey A. Van Kempen, Heather Williams, and Betty Zimmerberg",Laurel,,,,,,https://www.funjournal.org/wp-content/uploads/2015/09/PritchardJUNEf08.pdf,,https://www.funjournal.org/2008-volume-7-issue-1/,0,,,funjournal.org,no page number
JUNE-07-1-07,2008,7,1,Articles,TECHNICAL NOTE,article,False,,"Constructing Inexpensive, Flexible, and Versatile Microdialysis Probes in an Undergraduate Microdialysis Research Lab",Sally Steffes and Michael Sandstrom,Sally,,,,,,https://www.funjournal.org/wp-content/uploads/2015/09/Steffes-SandstromJUNEf2008.pdf,,https://www.funjournal.org/2008-volume-7-issue-1/,0,,,funjournal.org,no page number
JUNE-07-2-01,2009,7,2,Editorials,,editorial,False,,A Special Time for JUNE,Gary L. Dunbar,Gary,,,,,,https://www.funjournal.org/wp-content/uploads/2015/09/dunbar-editorial72.pdf,,https://www.funjournal.org/2009-volume-7-issue-2/,0,,,funjournal.org,no page number
JUNE-07-2-02,2009,7,2,Editorials,,editorial,False,,Interview: Donald G. Stein: Pioneer in the Areas of Neuroplasticity and Recovery of Function,Gary L. Dunbar,Gary,,,,,,https://www.funjournal.org/wp-content/uploads/2015/09/dunbar-steinintervu72.pdf,,https://www.funjournal.org/2009-volume-7-issue-2/,0,,,funjournal.org,no page number
JUNE-07-2-03,2009,7,2,Editorials,,editorial,False,,Commentary: Developing New Courses and Exploring New Teaching Approaches: The Role of “Unexpected Feedback”,Cynthia Gibson,Cynthia,,,,,,https://www.funjournal.org/wp-content/uploads/2015/09/gibson-commentary72.pdf,,https://www.funjournal.org/2009-volume-7-issue-2/,0,,,funjournal.org,no page number
JUNE-07-2-04,2009,7,2,Articles,,article,False,,The Flatworm Planaria as a Toxicology and Behavioral Pharmacology Animal Model in Undergraduate Research Experiences,"Oné R. Pagán, Tamara Coudron, and Tanvi Kaneria",Oné,,,,,,https://www.funjournal.org/wp-content/uploads/2015/09/paganetal72.pdf,,https://www.funjournal.org/2009-volume-7-issue-2/,0,,,funjournal.org,no page number
JUNE-07-2-05,2009,7,2,Articles,,article,False,,Every Cell Counts: An Inquiry-Based Approach to Address a Novel Research Question in an Undergraduate Neuroscience Lab,Melissa A. Birkett,Melissa,,,,,,https://www.funjournal.org/wp-content/uploads/2015/09/birkett72.pdf,,https://www.funjournal.org/2009-volume-7-issue-2/,0,,,funjournal.org,no page number
JUNE-07-2-06,2009,7,2,Articles,,article,False,,Northeast Under/graduate Research Organization for Neuroscience (NEURON): Our Thirteenth Conference for Neuroscience Trainees and Educators,"Jay P. McLaughlin, Stacey Gomes, Angela Seliga, Sharon Ramos Goyette, Amy Morrison, Christian G. Reich, Cheryl A. Frye",Jay,,,,,,https://www.funjournal.org/wp-content/uploads/2015/09/mcLaughlinetal72.pdf,,https://www.funjournal.org/2009-volume-7-issue-2/,0,,,funjournal.org,no page number
JUNE-07-2-07,2009,7,2,Articles,,article,False,,Successful Integration of Interactive Neuroscience Simulations into a Non-Laboratory Sensation & Perception Course,Uta Wolfe,Uta,,,,,,https://www.funjournal.org/wp-content/uploads/2015/09/wolfe72.pdf,,https://www.funjournal.org/2009-volume-7-issue-2/,0,,,funjournal.org,no page number
JUNE-07-2-08,2009,7,2,Articles,,article,False,,"Interactive Methods for Teaching Action Potentials, an Example of Teaching Innovation from Neuroscience Postdoctoral Fellows in the Fellowships in Research and Science Teaching (FIRST) Program","E. Keen-Rhinehart, A. Eisen, D. Eaton, and K. McCormack",Keen-Rhinehart,,,,,,https://www.funjournal.org/wp-content/uploads/2015/09/keen-rhinehart72.pdf,,https://www.funjournal.org/2009-volume-7-issue-2/,0,,,funjournal.org,no page number
JUNE-07-2-09,2009,7,2,Articles,,article,False,,The Student Surgeon: A Behavioral Neuroendocrinology Laboratory Exercise in Rats,Meg E. Kirkpatrick,Meg,,,,,,https://www.funjournal.org/wp-content/uploads/2015/09/kirkpatrick72.pdf,,https://www.funjournal.org/2009-volume-7-issue-2/,0,,,funjournal.org,no page number
JUNE-07-2-10,2009,7,2,Media Reviews,,review,False,,Media Review: Dissection of the Human Brain,Douglas A. Weldon,Douglas,,,,,,https://www.funjournal.org/wp-content/uploads/2015/09/weldon-heimer72.pdf,,https://www.funjournal.org/2009-volume-7-issue-2/,0,,,funjournal.org,no page number
JUNE-08-1-01,2009,8,1,Special Issue,,,True,FUN 2008 Macalester workshop,"Introduction to Papers from the FUN 2008 Macalester Workshops Proceedings of the 2008 Faculty for Undergraduate Neuroscience Workshops at Macalester College, St. Paul, MN, July 17 to July 20, 2008","Bruce R. Johnson, Mary E. Harrington, and Eric P. Wiertelak",Bruce,,,,,,https://www.funjournal.org/wp-content/uploads/2015/09/johnsonetal81.pdf,,https://www.funjournal.org/2009-volume-8-issue-1/,0,,,funjournal.org,no page number
JUNE-08-1-02,2009,8,1,Special Issue,,,True,FUN 2008 Macalester workshop,Jeanne Narum: A Lifetime of Achievement,Julio J. Ramirez and Eric P. Wiertelak,Julio,,,,,,https://www.funjournal.org/wp-content/uploads/2015/09/ramirez-wiertelak81.pdf,,https://www.funjournal.org/2009-volume-8-issue-1/,0,,,funjournal.org,no page number
JUNE-08-1-03,2009,8,1,Special Issue,,,True,FUN 2008 Macalester workshop,"Sex, Gender, and the Brain: A Non-Majors Course Linking Neuroscience and Women’s Studies",Kristina S. Mead,Kristina,,,,,,https://www.funjournal.org/wp-content/uploads/2015/09/mead81.pdf,,https://www.funjournal.org/2009-volume-8-issue-1/,0,,,funjournal.org,no page number
JUNE-08-1-04,2009,8,1,Special Issue,,,True,FUN 2008 Macalester workshop,Vision and Art: An Interdisciplinary Approach to Neuroscience Education,Rosa Lafer-Sousa and Bevil R. Conway,Rosa,,,,,,https://www.funjournal.org/wp-content/uploads/2015/09/laferSousa-Conway81.pdf,,https://www.funjournal.org/2009-volume-8-issue-1/,0,,,funjournal.org,no page number
JUNE-08-1-05,2009,8,1,Special Issue,,,True,FUN 2008 Macalester workshop,Building Neural Networks Within the Academy: Connecting Neuroscience to Other Disciplines,Lawrence J. Wichlinski,Lawrence,,,,,,https://www.funjournal.org/wp-content/uploads/2015/09/wichlinski81.pdf,,https://www.funjournal.org/2009-volume-8-issue-1/,0,,,funjournal.org,no page number
JUNE-08-1-06,2009,8,1,Special Issue,,,True,FUN 2008 Macalester workshop,A Self-Study Tutorial using the Allen Brain Explorer and Brain Atlas to Teach Concepts of Mammalian Neuroanatomy and Brain Function,Bruce G. Jenks,Bruce,,,,,,https://www.funjournal.org/wp-content/uploads/2015/09/jenks81.pdf,,https://www.funjournal.org/2009-volume-8-issue-1/,0,,,funjournal.org,no page number
JUNE-08-1-07,2009,8,1,Special Issue,,,True,FUN 2008 Macalester workshop,Modular Digital Course in Undergraduate Neuroscience Education (MDCUNE): A Website Offering Free Digital Tools for Neuroscience Educators,William Grisham,William,,,,,,https://www.funjournal.org/wp-content/uploads/2015/09/grisham81.pdf,,https://www.funjournal.org/2009-volume-8-issue-1/,0,,,funjournal.org,no page number
JUNE-08-1-08,2009,8,1,Special Issue,,,True,FUN 2008 Macalester workshop,Teaching Neurophysiology to Undergraduates using Neurons in Action,Ann E. Stuart,Ann,,,,,,https://www.funjournal.org/wp-content/uploads/2015/09/stuart81.pdf,,https://www.funjournal.org/2009-volume-8-issue-1/,0,,,funjournal.org,no page number
JUNE-08-1-09,2009,8,1,Special Issue,,,True,FUN 2008 Macalester workshop,Developing a Project-Oriented Introduction to Neuroscience Lab at Hope College,Leah A. Chase and Christopher C. Barney,Leah,,,,,,https://www.funjournal.org/wp-content/uploads/2015/09/chase-barney81.pdf,,https://www.funjournal.org/2009-volume-8-issue-1/,0,,,funjournal.org,no page number
JUNE-08-1-10,2009,8,1,Special Issue,,,True,FUN 2008 Macalester workshop,Teaching Laboratory Neuroscience at Bowdoin: The Laboratory Instructor Perspective,Stephen Hauptman and Nancy Curtis,Stephen,,,,,,https://www.funjournal.org/wp-content/uploads/2015/09/hauptman-curtis81.pdf,,https://www.funjournal.org/2009-volume-8-issue-1/,0,,,funjournal.org,no page number
JUNE-08-1-11,2009,8,1,Special Issue,,,True,FUN 2008 Macalester workshop,"g-PRIME: A Free, Windows Based Data Acquisition and Event Analysis Software Package for Physiology in Classrooms and Research Labs","Gus K. Lott III, Bruce R. Johnson, Robert H. Bonow, Bruce R. Land, and Ronald R. Hoy",Gus,,,,,,https://www.funjournal.org/wp-content/uploads/2015/09/lottetal81.pdf,,https://www.funjournal.org/2009-volume-8-issue-1/,0,,,funjournal.org,no page number
JUNE-08-1-12,2009,8,1,Special Issue,,,True,FUN 2008 Macalester workshop,Teaching Undergraduate Neuroscience in the Digital Age,Christopher A. Korey,Christopher,,,,,,https://www.funjournal.org/wp-content/uploads/2015/09/korey81.pdf,,https://www.funjournal.org/2009-volume-8-issue-1/,0,,,funjournal.org,no page number
JUNE-08-1-13,2009,8,1,Special Issue,,,True,FUN 2008 Macalester workshop,Higher Education and the Society for Neuroscience: a website proposal that helped catalyze a change in policy.,Richard F. Olivo,Richard,,,,,,https://www.funjournal.org/wp-content/uploads/2015/09/olivo81.pdf,,https://www.funjournal.org/2009-volume-8-issue-1/,0,,,funjournal.org,no page number
JUNE-08-1-14,2009,8,1,Special Issue,,,True,FUN 2008 Macalester workshop,Brain Awareness Week and Beyond: Encouraging the Next Generation,"Colleen D. McNerney, Eun-Joo Chang, and Nicholas C. Spitzer",Colleen,,,,,,https://www.funjournal.org/wp-content/uploads/2015/09/mcnerneyetal81.pdf,,https://www.funjournal.org/2009-volume-8-issue-1/,0,,,funjournal.org,no page number
JUNE-08-1-15,2009,8,1,Special Issue,,,True,FUN 2008 Macalester workshop,New(er) Kids on the Block – Voices of Junior FUN Faculty,Shelly D. Dickinson,Shelly,,,,,,https://www.funjournal.org/wp-content/uploads/2015/09/dickinson81.pdf,,https://www.funjournal.org/2009-volume-8-issue-1/,0,,,funjournal.org,no page number
JUNE-08-1-16,2009,8,1,Special Issue,SOMAS-URM,,True,FUN 2008 Macalester workshop,SOMAS-URM: The Evolution of a Mentoring and Summer Research Program,Julio J. Ramirez and Scott Tonidandel,Julio,,,,,,https://www.funjournal.org/wp-content/uploads/2015/09/Ramirez-Toni81.pdf,,https://www.funjournal.org/2009-volume-8-issue-1/,0,,,funjournal.org,no page number
JUNE-08-1-17,2009,8,1,Special Issue,,,True,FUN 2008 Macalester workshop,Facilities Planning for the Neuroscience Curriculum at a Primarily Undergraduate Institution: St. Olaf College’s Regents Hall of Natural and Mathematical Sciences,Gary M. Muir and David G.L. Van Wylen,Gary,,,,,,https://www.funjournal.org/wp-content/uploads/2015/09/muir81.pdf,,https://www.funjournal.org/2009-volume-8-issue-1/,0,,,funjournal.org,no page number
JUNE-08-1-18,2009,8,1,Special Issue,,,True,FUN 2008 Macalester workshop,"The Journal of Undergraduate Neuroscience Education: History, Challenges, and Future Developments","Gary L. Dunbar, Barbara Lom, William Grisham, and Julio J. Ramirez",Gary,,,,,,https://www.funjournal.org/wp-content/uploads/2015/09/dunbaretal81.pdf,,https://www.funjournal.org/2009-volume-8-issue-1/,0,,,funjournal.org,no page number
JUNE-08-1-19,2009,8,1,Special Issue,,,True,FUN 2008 Macalester workshop,Establishing a New Paradigm for Diversity: A Case for Restructuring the Academic Training Environment,Joseph A. Whittaker and Timothy A. Akers,Joseph,,,,,,https://www.funjournal.org/wp-content/uploads/2015/09/whittaker81.pdf,,https://www.funjournal.org/2009-volume-8-issue-1/,0,,,funjournal.org,no page number
JUNE-08-2-01,2010,8,2,Editorials,,editorial,False,,Call for JUNE Editorial Board Members and Reviewers,William Grisham,William,,,,,,https://www.funjournal.org/wp-content/uploads/2015/09/grisham_edi82e1.pdf,,https://www.funjournal.org/2010-volume-8-issue-2/,0,,,funjournal.org,no page number
JUNE-08-2-02,2010,8,2,Interview,,,False,,"Bryan Kolb: Pioneer in Neuropsychology and Role Model for Teaching, Mentoring, and Involving Undergraduates in Neuroscience Research",Gary L. Dunbar,Gary,,,,,,https://www.funjournal.org/wp-content/uploads/2015/09/bkolb-intrvw82e2-e4.pdf,,https://www.funjournal.org/2010-volume-8-issue-2/,0,,,funjournal.org,no page number
JUNE-08-2-03,2010,8,2,Articles,,article,False,,Laboratory Class Project: Using a Cichlid Fish display Tank to Teach Students about Complex Behavioral Systems,Brian C. Nolan,Brian,,,,,,https://www.funjournal.org/wp-content/uploads/2015/09/nolan82a86-a90.pdf,,https://www.funjournal.org/2010-volume-8-issue-2/,0,,,funjournal.org,no page number
JUNE-08-2-04,2010,8,2,Articles,,article,False,,Narratives and Neurons: Stories of Damaged Brains,G. Andrew Mickley and Daniel A. Hoyt,Mickley,,,,,,https://www.funjournal.org/wp-content/uploads/2015/09/mickley_hoyt82a91-a100.pdf,,https://www.funjournal.org/2010-volume-8-issue-2/,0,,,funjournal.org,no page number
JUNE-08-2-05,2010,8,2,Articles,,article,False,,Undergraduate Neuroscience Faculty: Results from a Survey of Faculty for Undergraduate Neuroscience Members,Jean C. Hardwick and Jeffrey S. Smith,Jean,,,,,,https://www.funjournal.org/wp-content/uploads/2015/09/hardwick_smith82a101-a107.pdf,,https://www.funjournal.org/2010-volume-8-issue-2/,0,,,funjournal.org,no page number
JUNE-08-2-06,2010,8,2,Articles,,article,False,,FUN Survey 2009,,,,,,,,https://www.funjournal.org/wp-content/uploads/2015/09/fun_survey_09.pdf,,https://www.funjournal.org/2010-volume-8-issue-2/,0,,,funjournal.org,no authors found; no page number
JUNE-08-2-07,2010,8,2,Articles,,article,False,,Exploration of Gerontogenes in the Nervous System: A Multi-Level Neurogenomics Laboratory Module for an Intermediate Neuroscience and Behavior Course,Kathleen M. Raley-Susman and Janet M. Gray,Kathleen,,,,,,https://www.funjournal.org/wp-content/uploads/2015/09/raley-susmangray82a108-a115.pdf,,https://www.funjournal.org/2010-volume-8-issue-2/,0,,,funjournal.org,no page number
JUNE-08-2-08,2010,8,2,Articles,,article,False,,Demonstrations of Neural Network Computations Involving Students,Christopher J. May,Christopher,,,,,,https://www.funjournal.org/wp-content/uploads/2015/09/may82a116-a121.pdf,,https://www.funjournal.org/2010-volume-8-issue-2/,0,,,funjournal.org,no page number
JUNE-08-2-09,2010,8,2,Articles,,article,False,,Social Neuroscience at the College of Saint Rose: The Art of Team Teaching in Emerging Areas of Psychological Science,"Robert W. Flint, Jr. and Nancy Dorr",Robert,,,,,,https://www.funjournal.org/wp-content/uploads/2015/09/flintdorr82a122-a127.pdf,,https://www.funjournal.org/2010-volume-8-issue-2/,0,,,funjournal.org,no page number
JUNE-09-1-01,2010,9,1,Editorials,,editorial,False,,We Are JUNE,GL Dunbar,Dunbar,,,,,,https://www.funjournal.org/wp-content/uploads/2015/09/dunbar-ed_91_e1.pdf,,https://www.funjournal.org/2010-volume-9-issue-1/,0,,,funjournal.org,no page number
JUNE-10-1-01,2011,10,1,Editorials,,editorial,False,,Unquenchable Neuroscience,W Grisham,Grisham,,,,,,https://www.funjournal.org/wp-content/uploads/2015/09/grisham_edi_10_1_e1.pdf,,https://www.funjournal.org/2011-volume-10-issue-1/,0,,,funjournal.org,no page number
JUNE-14-1-15,2015,14,1,Media Reviews,,review,False,,An Instructor’s Guide to (Some of) the Most Amazing Papers in Neuroscience,"Ian A. Harrington, William Grisham, D. J. Brasier, Shawn P. Gallagher, Samantha S. Gizerian, Rupa G. Gordon, Megan H. Hagenauer, Monica L. Linden, Barbara Lom, Richard Olivo, Noah J. Sandstrom, Shara Stough, Ilya Vilinsky, & Michael C. Wiest",Ian,,,,,,https://www.funjournal.org/wp-content/uploads/2015/10/june-14-r3-14.pdf,,https://www.funjournal.org/2015-volume-14-issue-1/,0,,,funjournal.org,no page number
JUNE-20-2-01,2022,20,2,Editorials,,editorial,True,FUN 2020 Summer Virtual Meeting,An Introduction to the Proceedings of the 2020 FUN Summer Virtual Meeting,Johnson B,Johnson,,E,21,24,10.59390/LKPG6213](https://doi.org/10.59390/LKPG6213,https://www.funjournal.org/wp-content/uploads/2023/10/june-20-e21.pdf,https://www.funjournal.org/volume-20-issue-2-winter-2022/johnson-june-202-e21-e24/,https://www.funjournal.org/volume-20-issue-2/,0,,,funjournal.org,duplicate volume+page
JUNE-20-2-04,2022,20,2,Editorials,,editorial,True,FUN 2020 Summer Virtual Meeting,Convening the Undergraduate Neuroscience Education Community in a Period of Rapid Change: Insights from the FUN 2020 Summer Virtual Meeting,"Basu AC, Kang YY, Leussis MP, Chan J",Basu,,E,21,24,10.59390/LKPG6213](https://doi.org/10.59390/LKPG6213,https://www.funjournal.org/wp-content/uploads/2023/10/june-20-e21.pdf,https://www.funjournal.org/volume-20-issue-2-winter-2022/johnson-june-202-e21-e24/,https://www.funjournal.org/volume-20-issue-2/,0,,,funjournal.org,duplicate volume+page
JUNE-20-2-26,2022,20,2,Articles,,review,True,FUN 2020 Summer Virtual Meeting,Open Education Resources for Neuroscience,Leussis MP,Leussis,,R,1,4,10.59390/CVBF7454](https://doi.org/10.59390/CVBF7454,https://www.funjournal.org/wp-content/uploads/2023/10/june-20-r1.pdf,https://www.funjournal.org/volume-20-issue-2-winter-2022/leuisses-june-202-r1-r4/,https://www.funjournal.org/volume-20-issue-2/,0,"Open educational resources (OERs) promise to play an increasing role in making educational materials such as textbooks available to all and in helping to (slightly) mitigate exorbitant costs often associated with post-secondary education. True OERs provide the ability to use, distribute and even adapt available resources to fit with the needs of the user. Many other free resources often get lumped in with OERs but may have restrictions prohibiting specific forms of use, modification or distribution. In neuroscience, there is a growing collection of OER and open-access materials for instructors to consider incorporating into their courses, ranging from textbooks and other books to entire courses, a single lecture or videos and animations. This paper briefly reviews two free online textbooks for neuroscience. Further, the available platforms for organizing and distributing OERs are outlined and briefly discussed, with an emphasis on their usefulness at the present time for neuroscience education.",,funjournal.org,section 'Articles' but page prefix R
JUNE-22-1-12,2023,22,1,Media Reviews,AMAZING PAPERS IN NEUROSCIENCE,review,False,,AMAZING PAPERS IN NEUROSCIENCE: Teaching Synaptic Transmission Using Primary Literature: A Skills-Focused Pedagogical Approach,"Payne AJ, Bills KB, Steffensen SC",Payne,,R,1,5,10.59390/NYOR9047](https://doi.org/10.59390/NYOR9047,https://www.funjournal.org/wp-content/uploads/2024/01/june-22-r1.pdf,https://www.funjournal.org/volume-22-issue-1-fall-2023/payne-et-al-june-221r1-r5/,https://www.funjournal.org/fall-2023-vol-22-issue-1/,0,"Neuroscience is a burgeoning and intensive undergraduate major at many institutions of higher education. However, several areas in neuroscience education need further development. One such needed development is an increased focus on the procurement of career-relevant skills in addition to the traditional acquisition of subject knowledge. Skill development is particularly challenging in neuroscience education as the subject’s interdisciplinary nature provides an atypically broad range of potential careers for graduates. Skills common to many careers in neuroscience include the ability to understand and analyze quantitative data and to draw conclusions based on those analyses. Here is presented an active learning pedagogical approach involving the analysis of seminal articles in the primary scientific literature to provide practice in analyzing data and drawing conclusions from those data while at the same time learning the fundamental tenets of synaptic transmission. Articles were selected that highlight principles such as the role of Ca2+ in synaptic release, exocytosis, quantal release, and synaptic delay. Figures from these articles that can readily be used to teach these principles were selected, and questions that can help to guide students’ analysis of the data are also suggested. Activities like this are needed in greater numbers to facilitate the process of helping students gain skills relevant to a productive career in neuroscience.",,funjournal.org,duplicate volume+page
JUNE-22-3-16,2024,22,3,Media Reviews,,review,False,,Introducing BRAINOER: The Behavioral Research and Interdisciplinary Neuroscience Open Educational Repository,close content main element section close by builder template,close,"Harris Bozer AL, Civitello NA, Rawlings ED, Leach LF",R,1,5,10.59390/SYLO7794,https://www.funjournal.org/wp-content/uploads/2024/08/june-22-r1.pdf,https://www.funjournal.org/volume-22-issue-3-spring-2024/bozer-et-al-june-223r1-r5/,https://www.funjournal.org/4172-2/,0,,,funjournal.org,duplicate volume+page
