year_label,volume,issue,(not listed),Articles,Case Studies,Editorials,Interview,Media Reviews,Media Reviews and Technical Reports,Special Issue,Technical Papers
2002,1,1,0,4,0,1,0,4,0,0,0
2003,1,2,0,4,0,2,0,3,0,0,0
2003,2,1,0,5,0,1,0,1,0,0,0
2004,2,2,0,3,0,2,0,4,0,0,0
2004,3,1,0,6,0,1,0,0,0,0,0
2005,3,2,0,5,0,2,0,2,0,0,0
2005,4,1,0,6,0,3,0,1,0,0,0
2006,4,2,0,5,0,3,0,1,0,0,0
2006,5,1,0,4,0,2,0,4,0,0,0
2007,5,2,0,7,0,5,0,1,0,0,0
2007,6,1,0,5,0,3,0,1,0,0,0
2008,6,2,0,7,0,1,0,1,0,0,0
2008,7,1,0,6,0,1,0,0,0,0,0
2009,7,2,0,6,0,3,0,1,0,0,0
2009,8,1,0,0,0,0,0,0,0,19,0
2010,8,2,0,7,0,1,1,0,0,0,0
2010,9,1,0,9,0,2,0,0,0,0,0
2011,9,2,0,6,0,3,0,0,0,0,0
2011,10,1,0,11,0,2,0,0,0,0,0
2012,10,2,0,7,0,2,0,0,0,0,0
2012,11,1,0,26,0,2,0,0,0,0,0
2013,11,2,0,3,0,1,0,2,0,0,0
2013,12,1,0,13,0,3,0,1,0,0,0
2014,12,2,0,10,0,1,0,2,0,0,0
2014,13,1,0,7,0,1,0,6,0,0,0
2015,13,2,0,8,0,2,0,2,0,0,0
2015,13,3,0,16,0,2,0,0,0,0,0
2015,14,1,0,11,0,2,0,6,0,0,0
2016,14,2,0,9,1,6,0,0,4,0,0
2016,15,1,0,15,2,3,0,9,0,0,0
2017,15,2,0,10,2,4,0,2,0,0,0
2017,16,1,0,16,1,4,0,2,0,0,0
2018,16,2,0,10,1,3,0,9,0,0,0
2018,16,3,0,17,0,4,0,0,0,0,0
2018,17,1,0,14,0,2,0,2,0,0,1
2019,17,2,0,7,1,2,0,0,0,0,1
2019,18,1,0,6,2,1,0,0,0,0,1
2020,18,2,0,7,1,2,0,0,0,0,0
2020,19,1,0,14,0,1,0,6,0,0,0
2021,19,2,0,8,1,1,0,4,0,0,0
2021,20,1,0,11,1,3,0,0,0,0,0
2022,20,2,0,22,0,4,0,0,0,0,0
2022,20,3,0,8,0,3,0,3,0,0,0
2022,21,1,0,10,0,1,0,0,0,0,0
2023,21,2,0,10,0,3,0,1,0,0,0
2023,22,1,0,10,0,1,0,2,0,0,0
2024,22,2,0,11,0,5,0,0,0,0,0
2024,22,3,0,14,0,1,0,1,0,0,0
2024,23,1,0,4,0,3,0,1,0,0,0
2025,23,2,0,9,0,2,0,0,0,0,0
2025,24,1,12,0,0,0,0,0,0,0,0
2026,24,2,9,0,0,0,0,0,0,0,0
