item_id,reason,volume,issue,section,item_type,title,authors,page_prefix,page_start,pmid,match_method,match_score,suggested_pmid,suggested_title,pdf_url,article_page_url
JUNE-01-1-06,no PubMed match,1,1,Media Reviews,review,Book Review: Mood Genes,KK Bernd,R,1,,,,,,https://www.funjournal.org/wp-content/uploads/2015/09/BerndR1.pdf,
JUNE-01-1-07,no PubMed match,1,1,Media Reviews,review,Textbook Review: Biological Psychology,LJ Nolan,R,3,,,,,,https://www.funjournal.org/wp-content/uploads/2015/09/NolanR3.pdf,
JUNE-01-1-08,no PubMed match,1,1,Media Reviews,review,Media Review: Crawdad: A CD-ROM Lab Manual for Neurophysiology,K Parfitt,R,5,,,,,,https://www.funjournal.org/wp-content/uploads/2015/09/ParfittR5.pdf,
JUNE-01-1-09,no PubMed match,1,1,Media Reviews,review,Media Review: The Secret Life of the Brain,G Brosnan-Watters,R,7,,,,,,https://www.funjournal.org/wp-content/uploads/2015/09/BrosnanR7.pdf,
JUNE-01-2-08,no PubMed match,1,2,Media Reviews,review,In Search of the Lost Cord,HW Horch,R,10,,,,,,https://www.funjournal.org/wp-content/uploads/2015/09/HorchR10.pdf,
JUNE-01-2-09,no PubMed match,1,2,Media Reviews,review,Decoding Darkness,KG Hales,R,12,,,,,,https://www.funjournal.org/wp-content/uploads/2015/09/HalesR12.pdf,
JUNE-02-1-07,no PubMed match,2,1,Media Reviews,review,Media Review: Undergraduate Publishing Opportunities,close content main element section close by builder template,R,1,,,,,,https://www.funjournal.org/wp-content/uploads/2015/09/WilloughbyR1.pdf,
JUNE-02-2-07,no PubMed match,2,2,Media Reviews,review,"Book Review: Nature via Nurture: Genes, Experience, and What Makes Us Human",WJ Pizzi,R,10,,,,,,https://www.funjournal.org/wp-content/uploads/2015/09/PizziR10.pdf,
JUNE-02-2-08,no PubMed match,2,2,Media Reviews,review,Book Review: The Compleat Academic: A Career Guide,AM Kazama,R,8,,,,,,https://www.funjournal.org/wp-content/uploads/2015/09/KazamaR8.pdf,
JUNE-02-2-09,no PubMed match,2,2,Media Reviews,review,Media Review: Neurons in Action: Computer Simulations with NeuroLab,SR Barry,R,6,,,,,,https://www.funjournal.org/wp-content/uploads/2015/09/BarryR6.pdf,
JUNE-03-2-08,no PubMed match,3,2,Media Reviews,review,"BOOK REVIEW: Writing With Style: APA Style Made Easy, Third Edition",KS Multhaup,,,,,,,,https://www.funjournal.org/wp-content/uploads/2015/09/Multhaup.pdf,
JUNE-04-1-10,no PubMed match,4,1,Media Reviews,review,Textbook Review: Behavioral Neurobiology. An integrative approach.,JM Wotton,,,,,,,,https://www.funjournal.org/wp-content/uploads/2015/09/wotton.pdf,
JUNE-04-2-09,no PubMed match,4,2,Media Reviews,review,Textbook Review: The Design of Experiments in Neuroscience,K Cameron,,,,,,,,https://www.funjournal.org/wp-content/uploads/2015/09/Cameron.pdf,
JUNE-05-1-08,no PubMed match,5,1,Media Reviews,review,Textbook Review: Discovering Biological Psychology,G Brosnan-Watters,,,,,,,,https://www.funjournal.org/wp-content/uploads/2015/09/Brosnanwattersreview.pdf,
JUNE-05-2-13,no PubMed match,5,2,Media Reviews,review,Media Review: Shaken: Journey into the Mind of a Parkinson’s Patient,close content main element section close by builder template,,,,,,,,https://www.funjournal.org/wp-content/uploads/2015/09/meadshakenjunes07.pdf,
JUNE-06-1-09,no PubMed match,6,1,Media Reviews,review,Media Review: An Introduction to Nervous Systems By Ralph H. Greenspan,BR Johnson,,,,,,,,https://www.funjournal.org/wp-content/uploads/2015/09/JohnsonMedrevf07.pdf,
JUNE-06-2-09,no PubMed match,6,2,Media Reviews,review,"Fundamentals of Human Neuropsychology, 6th Edition",Gina A. Mollet,,,,,,,,https://www.funjournal.org/wp-content/uploads/2015/09/kolbwhishaw_JUNE_s08.pdf,
JUNE-07-2-10,no PubMed match,7,2,Media Reviews,review,Media Review: Dissection of the Human Brain,Douglas A. Weldon,,,,,,,,https://www.funjournal.org/wp-content/uploads/2015/09/weldon-heimer72.pdf,
JUNE-08-2-01,no PubMed match,8,2,Editorials,editorial,Call for JUNE Editorial Board Members and Reviewers,William Grisham,,,,,,,,https://www.funjournal.org/wp-content/uploads/2015/09/grisham_edi82e1.pdf,
JUNE-08-2-06,no PubMed match; no authors found,8,2,Articles,article,FUN Survey 2009,,,,,,,,,https://www.funjournal.org/wp-content/uploads/2015/09/fun_survey_09.pdf,
JUNE-10-1-14,no PDF link,10,1,Articles,article,A Modified Golgi-Cox Procedure for use in Undergraduate Courses,KA Wright et al.,A,85,23626498,title,0.95,,,,https://pubmed.ncbi.nlm.nih.gov/23626498/
JUNE-11-2-05,no PubMed match,11,2,Media Reviews,review,Book Review: Creating Modern Neuroscience: The Revolutionary 1950s,AL Cecala,R,1,,,,,,https://www.funjournal.org/wp-content/uploads/2015/09/june-11-r1.pdf,
JUNE-11-2-06,no PubMed match,11,2,Media Reviews,review,Book Review: Brain Architecture: Understanding the Basic Plan (2nd ed.),DA Weldon and BR Johnson,R,3,,,,,,https://www.funjournal.org/wp-content/uploads/2015/09/june-11-r3.pdf,
JUNE-12-1-17,no PubMed match,12,1,Media Reviews,review,Beyond The Brain: How Body and Environment Shape Animal and Human Minds,AL Cecala,R,1,,,,,,https://www.funjournal.org/wp-content/uploads/2015/09/june-12-r1.pdf,
JUNE-12-2-12,no PubMed match,12,2,Media Reviews,review,"Permanent Present Tense: The Unforgettable Life of the Amnesic Patient, H.M.",K Monuszko,R,3,,,,,,https://www.funjournal.org/wp-content/uploads/2015/09/june-12-r3.pdf,
JUNE-12-2-13,no PubMed match,12,2,Media Reviews,review,Consciousness and the Brain: Deciphering How the Brain Codes our Thoughts,JW Kalat,R,5,,,,,,https://www.funjournal.org/wp-content/uploads/2015/09/june-12-r5.pdf,
JUNE-13-1-09,no PubMed match,13,1,Media Reviews,review,Guide to Research Techniques in Neuroscience,JC Strickland,R,1,,,,,,https://www.funjournal.org/wp-content/uploads/2015/09/june-13-r1.pdf,
JUNE-13-1-10,no PubMed match,13,1,Media Reviews,review,MATLAB for Neuroscientists: An Introduction to Scientific Computing in MATLAB (second edition),W Grisham,R,3,,,,,,https://www.funjournal.org/wp-content/uploads/2015/09/june-13-r3.pdf,
JUNE-13-1-11,no PubMed match,13,1,Media Reviews,review,Neuroscience: A Historical Introduction,AL Cecala,R,5,,,0.6,26240528,Neuroscience and Global Learning.,https://www.funjournal.org/wp-content/uploads/2015/09/june-13-r5.pdf,
JUNE-13-1-12,no PubMed match,13,1,Media Reviews,review,Portraits of the Mind: Visualizing the Brain from Antiquity to the 21st Century,B Lom,R,7,,,,,,https://www.funjournal.org/wp-content/uploads/2015/09/june-13-r7.pdf,
JUNE-13-1-13,no PubMed match,13,1,Media Reviews,review,"Joy, Guilt, Anger, Love",JW Kalat,R,9,,,,,,https://www.funjournal.org/wp-content/uploads/2015/09/june-13-r9.pdf,
JUNE-13-1-14,no PubMed match,13,1,Media Reviews,review,Identification of Neural Markers Accompanying Memory,P Krishnan,R,10,,,,,,https://www.funjournal.org/wp-content/uploads/2015/09/june-13-r10.pdf,
JUNE-13-2-11,no PubMed match,13,2,Media Reviews,review,Neuroanatomy of Language Regions of the Human Brain,DY Harvey,R,12,,,,,,https://www.funjournal.org/wp-content/uploads/2015/09/june-13-r12.pdf,
JUNE-13-2-12,no PubMed match,13,2,Media Reviews,review,"Neuroscience for Kids: Online Resources that Promote Student Engagement, Teaching and Learning about the Brain",TK Karikari,R,14,,,,,,https://www.funjournal.org/wp-content/uploads/2015/09/june-13-r14.pdf,
JUNE-14-1-14,no PubMed match,14,1,Media Reviews,review,Looking Inside the Brain: The Power of Neuroimaging,Barbara Lom,R,1,,,,,,https://www.funjournal.org/wp-content/uploads/2015/10/june-14-r1.pdf,
JUNE-14-1-16,no PubMed match,14,1,Media Reviews,review,Consciousness: Confessions of a Romantic Reductionist,Ian A. Harrington,R,15,,,,,,https://www.funjournal.org/wp-content/uploads/2015/10/june-14-r15.pdf,
JUNE-14-1-17,no PubMed match,14,1,Media Reviews,review,Tales from Both Sides of the Brain,Ian A. Harrington,R,17,,,,,,https://www.funjournal.org/wp-content/uploads/2015/10/june-14-r17.pdf,
JUNE-14-1-18,no PubMed match,14,1,Media Reviews,review,The Synapse: Structure and Function,Neal R. Melvin,R,18,,,,,,https://www.funjournal.org/wp-content/uploads/2015/10/june-14-r18.pdf,
JUNE-14-1-19,no PubMed match,14,1,Media Reviews,review,"Waking, Dreaming, Being",James W. Kalat,R,20,,,,,,https://www.funjournal.org/wp-content/uploads/2015/10/june-14-r20.pdf,
JUNE-14-2-17,no PubMed match,14,2,Media Reviews and Technical Reports,review,Anxious: Using the Brain to Understand and Treat Fear and Anxiety,AL Cecala,R,22,,,,,,https://www.funjournal.org/wp-content/uploads/2015/11/june-14-r22.pdf,
JUNE-14-2-18,no PubMed match,14,2,Media Reviews and Technical Reports,review,Foundational Concepts in Neuroscience: A Brain-Mind Odyssey,KS Milar,R,24,,,0.61,27385933,"Nu Rho Psi, The National Honor Society in Neuroscience: A decade of progress.",https://www.funjournal.org/wp-content/uploads/2016/03/june-14-r24.pdf,
JUNE-14-2-20,no PubMed match,14,2,Media Reviews and Technical Reports,review,The Mind’s Machine: Foundations of Brain and Behavior,BR Johnson & DA Weldon,R,32,,,,,,https://www.funjournal.org/wp-content/uploads/2016/06/june-14-r32.pdf,
JUNE-15-1-21,no PubMed match,15,1,Media Reviews,review,"BOOK REVIEW — A Matter of Wonder: What Biology Reveals About Us, Our World, and Our Dreams",JW Kalat,R,1,,,,,,https://www.funjournal.org/wp-content/uploads/2016/09/june-15-r1.pdf,
JUNE-15-1-22,no PubMed match,15,1,Media Reviews,review,BOOK REVIEW — Learning and Behavior: A Contemporary Synthesis (2nd Edition),JE Meyers-Manor,R,3,,,,,,https://www.funjournal.org/wp-content/uploads/2016/09/june-15-r3.pdf,
JUNE-15-1-28,no PubMed match,15,1,Media Reviews,review,BOOK REVIEW — Psychophysics: A Practical Introduction (2nd Edition),AL Cecala,R,21,,,,,,https://www.funjournal.org/wp-content/uploads/2016/10/june-15-r21.pdf,
JUNE-15-1-29,no PubMed match,15,1,Media Reviews,review,BOOK REVIEW — Principles of Neurobiology,RR Hoy,R,22,,,,,,https://www.funjournal.org/wp-content/uploads/2016/10/june-15-r22.pdf,
JUNE-17-1-18,no PubMed match,17,1,Media Reviews,review,A Review of Developmental Neurobiology by Lynne M. Bianchi (in the Context of One Instructor’s Evolving Relationship with Scientific Textbooks),Lom B,R,1,,,,,,https://www.funjournal.org/wp-content/uploads/2018/10/june-17-r1.pdf,
JUNE-17-1-19,no PubMed match,17,1,Media Reviews,review,Six Autobiographies and Two Realistic Fiction Books as Tools to Engage Students in Neurobiology of Disease: A Guide for Instructors,close content main element section close by builder template,R,4,,,,,,https://www.funjournal.org/wp-content/uploads/2018/12/june-17-r4.pdf,
JUNE-20-1-05,no PubMed match,20,1,Articles,article,Pedagogical Activities for Assessing Human and Rat Taste-Related Behavioral Responses to Gymnema sylvestre,"Na ES, Morris MJ",A,11,,,,,,https://www.funjournal.org/wp-content/uploads/2021/11/june-20-11.pdf,
JUNE-20-2-28,section 'Articles' but page prefix R,20,2,Articles,review,Open Education Resources for Neuroscience,Leussis MP,R,1,38323041,doi,0.98,,,https://www.funjournal.org/wp-content/uploads/2023/10/june-20-r1.pdf,https://www.funjournal.org/volume-20-issue-2-winter-2022/leuisses-june-202-r1-r4/
JUNE-20-3-13,no PubMed match,20,3,Media Reviews,review,"BOOK REVIEW: Connecting Dots Between Psychiatry, Neuroscience, and Memory: A Review of A Sense of Self: Memory, The Brain, and Who We Are by Veronica O’Keane","Hu SX, Multhaup KS",R,9,,,,,,https://www.funjournal.org/wp-content/uploads/2023/10/june-20-r9.pdf,https://www.funjournal.org/volume-20-issue-3-spring-2022/hu-and-multhaup-june-203r9-r13/
JUNE-20-3-14,no PubMed match,20,3,Media Reviews,review,BOOK REVIEW: So You Want to be a Neuroscientist by Ashley Juanvinett,close content main element section close by builder template,R,12,,,,,,https://www.funjournal.org/wp-content/uploads/2023/10/june-20-r12.pdf,https://www.funjournal.org/volume-20-issue-3-spring-2022/hoy-june-203r12-r13/
JUNE-22-1-01,no PubMed match,22,1,Editorials,editorial,"EDITORIAL: SfN 2023 Report: It’s the Most Wonderful Time of the Year, JUNE and FUN Faculty Awards","Reynolds ER, Rhinehart E, Kang YY",E,1,,,,,,https://www.funjournal.org/wp-content/uploads/2023/12/june-22-e1.pdf,https://www.funjournal.org/volume-22-issue-1-fall-2023/reynolds-et-al-june-221e1-e3/
JUNE-24-1-05,no PubMed match,24,1,Media Review,review,Beyond the Brain Song: Can Music Help Us Teach Undergraduate Neuroscience? A Review of From Perception to Pleasure: The Neuroscience of Music and Why We Love It,"Lincoln G. Craton, John G. McCoy",,,,,,,,,https://junejournal.scholasticahq.com/article/154550-beyond-the-brain-song-can-music-help-us-teach-undergraduate-neuroscience-a-review-of-_from-perception-to-pleasure-the-neuroscience-of-music-and-why
JUNE-24-1-10,no PubMed match,24,1,Editorial and Opinion,editorial,SfN 2025 Report: JUNE and FUN Faculty Awards,"Yuan Yuan Kang, Elaine R Reynolds, Jacqueline K Rose",,,,,,,,,https://junejournal.scholasticahq.com/article/154876-sfn-2025-report-june-and-fun-faculty-awards
JUNE-24-2-01,no PubMed match,24,2,Articles,article,An Inquiry-Based Lab Exercise Investigating Student Cortisol Responses to Giving a Graded In-Class Presentation,Nicole M. Baran,,,,,,,,,https://junejournal.scholasticahq.com/article/157973-an-inquiry-based-lab-exercise-investigating-student-cortisol-responses-to-giving-a-graded-in-class-presentation
JUNE-24-2-02,no PubMed match,24,2,Articles,article,Comparative Investigations of the Neurophysiological Mechanisms of Escape Behavior: A Course-based Undergraduate Research Experience,"Eric R. Wengert, Roshan A. Jain",,,,,,,,,https://junejournal.scholasticahq.com/article/160661-comparative-investigations-of-the-neurophysiological-mechanisms-of-escape-behavior-a-course-based-undergraduate-research-experience
JUNE-24-2-03,no PubMed match,24,2,Articles,article,"Creative, Socially-Minded Communication Project on Neurodivergences Increases Self-Reported Content Knowledge, Collaboration Skills, and Personal Allyship","G. Daniel Holmes, Deborah E. Bauer, Sharon M. H. Gobes",,,,,,,,,https://junejournal.scholasticahq.com/article/162900-creative-socially-minded-communication-project-on-neurodivergences-increases-self-reported-content-knowledge-collaboration-skills-and-personal-ally
JUNE-24-2-04,no PubMed match,24,2,Articles,article,Fostering Belonging Through Introducing Diverse Scientists in Undergraduate Neuroscience Lectures,Katharine V. Northcutt,,,,,,,,,https://junejournal.scholasticahq.com/article/161078-fostering-belonging-through-introducing-diverse-scientists-in-undergraduate-neuroscience-lectures
JUNE-24-2-05,no PubMed match,24,2,Articles,article,MacGyver Neuroscience: Cost-Effective Laboratory Exercises for Pre-Health Education,Patrick Foo,,,,,,,,,https://junejournal.scholasticahq.com/article/161862-macgyver-neuroscience-cost-effective-laboratory-exercises-for-pre-health-education
JUNE-24-2-08,no PubMed match,24,2,Articles,article,Use of a Smartphone-Based App in an Online Behavioral Neuroscience Lab Course,Beatrice de Oca,,,,,,,,,https://junejournal.scholasticahq.com/article/163102-use-of-a-smartphone-based-app-in-an-online-behavioral-neuroscience-lab-course
JUNE-24-2-09,no PubMed match,24,2,Articles,article,“I Can Code”: An Innovative Workshop Introducing Students to Coding in the Context of Neuroscience Research,"Luca Iemi, Melissa Wright, Kara Pham, Anamaria Alexandrescu",,,,,,,,,https://junejournal.scholasticahq.com/article/160812-i-can-code-an-innovative-workshop-introducing-students-to-coding-in-the-context-of-neuroscience-research
