item_id,volume,issue,year_label,title,text_source,organisms (activity),times named: Rat,times named: Mouse,times named: Other rodents,times named: Drosophila (fruit fly),times named: C. elegans,times named: Zebrafish,times named: Other fish,times named: Crayfish,times named: Other crustaceans,times named: Cockroach,times named: Cricket,times named: Honey bee,times named: Other insects,times named: Leech,times named: Aplysia / sea slug,times named: Squid / octopus,times named: Snail,times named: Planaria,times named: Earthworm,times named: Other invertebrates,times named: Frog / Xenopus,times named: Salamander / axolotl,times named: Reptiles,times named: Chick / birds,times named: Sheep / pig / cow,times named: Cat / dog,times named: Non-human primates,times named: Plants & algae,times named: Students as their own subjects
JUNE-01-1-02,1,1,2002,The Emergence of Non-Match-to-Sample Behavior in the Developing Rat Pup,PDF,Rat; Non-human primates,18,0,0,0,0,0,0,0,0,0,0,0,0,0,0,0,0,0,0,0,0,0,0,0,0,0,5,0,0
JUNE-01-1-03,1,1,2002,And The Winner Is: Inviting Hollywood into the Neuroscience Classroom,PDF,,0,0,0,0,0,0,0,0,0,0,0,0,0,0,0,0,0,0,0,0,0,0,0,1,0,2,1,0,0
JUNE-01-1-04,1,1,2002,Exploring Neurogenesis in Crustaceans,PDF,Crayfish; Other crustaceans; Other invertebrates,2,1,1,0,0,0,0,16,13,0,0,0,2,0,0,0,0,0,0,7,0,0,0,1,0,0,0,1,0
JUNE-01-1-05,1,1,2002,Action Potentials in a Giant Algal Cell: A Comparative Approach to Mechanisms and Evolution of Excitability,PDF,Plants & algae,0,0,0,0,0,0,0,0,0,0,0,0,2,0,0,2,0,0,0,1,0,0,0,0,0,0,0,65,0
JUNE-01-2-04,1,2,2003,Testing the Relationship Between Levels of Endogenous Testosterone and Physiological Responses to Facial Expressions in Men: An Experiment Conducted by Students in an Undergraduate Behavioral Neuroscience Class,PDF,Students as their own subjects,0,0,0,0,0,0,0,0,0,0,0,0,0,0,0,0,0,0,0,0,0,0,0,0,0,0,0,0,12
JUNE-01-2-05,1,2,2003,Integrated Undergraduate Research Experience for the Study of Brain Injury,PDF,Rat,9,0,0,0,0,0,0,0,0,0,0,0,0,0,0,0,0,0,0,0,0,0,0,0,0,0,0,0,0
JUNE-01-2-06,1,2,2003,Mentoring Undergraduate Students in Neuroscience Research: A Model System at Baldwin-Wallace College,PDF,Rat; Honey bee,4,0,0,0,0,0,0,0,0,0,0,3,0,0,0,0,0,0,0,0,0,0,0,0,0,0,0,0,1
JUNE-02-1-02,2,1,2003,"Experimental Methods in Neuroscience: An Undergraduate Neuroscience Laboratory Course for Teaching Ethical Issues, Laboratory Techniques, Experimental Design, and Analysis",PDF,Mouse,0,31,1,0,0,0,0,0,0,0,0,0,0,0,0,0,0,0,0,0,0,0,0,0,0,0,0,0,0
JUNE-02-1-03,2,1,2003,An Online Multimedia Resource in Behavioral Neuroscience,PDF,,0,0,0,0,0,0,0,0,0,0,0,0,0,0,0,0,0,0,0,0,0,0,0,0,0,0,0,0,3
JUNE-02-1-04,2,1,2003,An Online Lab Manual for Neurophysiology,PDF,Crayfish; Earthworm,0,0,0,0,0,0,0,15,1,0,0,0,0,0,0,0,0,0,3,0,1,0,0,0,0,0,0,0,0
JUNE-02-1-05,2,1,2003,Evaluation of an Undergraduate Neuroscience Research Program at the University of Kentucky,PDF,,0,1,0,0,0,0,0,0,0,0,0,0,0,0,0,0,0,0,0,0,0,0,0,0,0,0,0,0,0
JUNE-02-1-06,2,1,2003,Sex Differences and Organizational Effects of Androgen in Spinal Cord Motor Nuclei,PDF,Rat,7,0,0,0,0,0,0,0,0,0,0,0,0,0,0,0,0,0,0,0,0,0,0,0,0,0,0,0,0
JUNE-02-2-04,2,2,2004,Ultrasonic Courtship Vocalizations of Adult Male Mice: A Laboratory Exercise Illustrating Comparable Activation by either Estradiol or Testosterone,PDF,Rat; Mouse; Other rodents,17,28,19,0,0,0,0,0,0,0,0,0,2,0,0,0,0,0,0,0,0,0,1,1,1,0,2,0,0
JUNE-02-2-05,2,2,2004,Measuring Salivary Cortisol in the Behavioral Neuroscience Laboratory,PDF,Students as their own subjects,0,0,0,0,0,0,0,0,0,0,0,0,0,0,0,0,0,0,0,0,0,0,0,0,0,0,0,0,103
JUNE-02-2-06,2,2,2004,"Northeast Under/graduate Organization for Neuroscience, A Regional Neuroscience Meeting for Undergraduates, Graduate Students, and Faculty",PDF,,0,0,0,0,0,0,0,0,1,0,0,1,0,0,0,0,0,0,0,0,0,0,0,0,0,0,0,0,0
JUNE-03-1-02,3,1,2004,An Inexpensive Alternative to Commercial Infrared Sensors,PDF,Rat,3,1,0,0,0,0,0,0,0,0,0,0,0,0,0,0,0,0,0,0,0,0,0,0,0,0,0,0,0
JUNE-03-1-04,3,1,2004,"Emotional Arousal, Blood Glucose Levels, and Memory Modulation: Three Laboratory Exercises in Cognitive Neuroscience",PDF,Rat; Students as their own subjects,6,0,1,0,0,0,0,0,0,0,0,0,0,0,0,0,0,0,0,0,0,0,2,0,1,0,0,1,31
JUNE-03-1-05,3,1,2004,Tools for Physiology Labs: Inexpensive Equipment for Physiological Stimulation,PDF,Crayfish; Plants & algae,0,0,0,0,0,0,0,3,0,0,0,0,0,0,0,0,0,0,0,0,0,0,0,0,0,0,0,3,0
JUNE-03-1-06,3,1,2004,Allegheny College Hosts Neuroscience and Humanities Summer Institute,PDF,Students as their own subjects,0,0,0,0,0,0,0,0,0,0,0,0,0,0,0,0,0,0,0,0,0,0,0,0,1,0,0,0,4
JUNE-03-2-04,3,2,2005,The Clinical Neuroscience Course: Viewing Mental Health from Neurobiological Perspectives,PDF,Rat,8,0,0,0,0,0,0,0,0,0,0,0,0,0,0,0,0,0,0,0,0,0,0,0,0,0,0,0,5
JUNE-03-2-05,3,2,2005,Promoting Information Competency in Biological Psychology,PDF,,1,0,0,0,0,0,0,0,0,0,0,0,0,0,0,0,0,0,0,0,0,0,0,0,0,0,1,0,0
JUNE-03-2-06,3,2,2005,Use of the Herb Gymnema sylvestre to Illustrate the Principles of Gustatory Sensation: An Undergraduate Neuroscience Laboratory Exercise,PDF,Students as their own subjects,0,0,0,0,0,0,0,0,0,0,0,0,0,0,0,0,0,0,0,0,0,0,0,0,0,0,0,0,62
JUNE-03-2-07,3,2,2005,Column Chromatography Analysis of Brain Tissue: An Advanced Laboratory Exercise for Neuroscience Majors,PDF,Rat,5,0,1,0,0,0,0,0,0,0,0,0,0,0,0,0,0,0,0,0,0,0,0,0,0,0,0,0,0
JUNE-04-1-05,4,1,2005,Demonstrating the Temperature Sensitivity of Synaptic Transmission in a Drosophila Mutant,PDF,Drosophila (fruit fly),1,0,0,21,0,0,0,1,1,0,0,0,0,0,0,0,0,0,0,0,0,0,0,0,1,0,0,0,0
JUNE-04-1-06,4,1,2005,ols for Physiology Labs: An Inexpensive Means of Temperature Control,PDF,Drosophila (fruit fly),0,0,0,6,0,0,0,0,1,1,0,0,1,0,0,0,0,0,2,0,0,0,0,0,0,0,0,0,0
JUNE-04-1-07,4,1,2005,An Investigative Laboratory Exercise Examining the Cell Signaling and Regulatory Properties of Neurons in the Regenerating Forelimbs of the Axolotl Ambystoma mexicanum,PDF,Salamander / axolotl,0,0,0,0,0,0,0,0,0,0,0,1,0,0,0,0,0,0,0,0,0,17,0,0,0,0,0,0,0
JUNE-04-2-04,4,2,2006,Teaching Basic Principles of Neuroscience with Computer Simulations,PDF,,0,0,0,0,0,0,0,0,0,0,0,0,0,1,0,0,0,0,0,0,0,0,0,0,0,0,0,0,0
JUNE-04-2-05,4,2,2006,Responses to Sounds in the Central Auditory System of the Frog: An Advanced Electrophysiology Laboratory in Sensory Processing,PDF,Frog / Xenopus,0,0,0,0,0,0,0,0,0,0,1,0,0,0,0,0,0,0,0,0,28,0,0,0,0,0,0,0,0
JUNE-04-2-07,4,2,2006,Using Extracellular Single-unit Electrophysiological Data as a Substrate for Investigative Laboratory Exercises,PDF,,0,0,0,0,0,0,0,0,0,0,0,0,0,0,0,0,0,0,0,0,0,0,0,0,0,0,2,0,2
JUNE-04-2-08,4,2,2006,MATLAB-based Simulation of Whole-Cell and Single-Channel Currents,PDF,Squid / octopus,0,0,0,0,0,0,0,0,0,0,0,0,0,0,0,8,0,0,0,0,0,0,0,0,0,0,0,0,0
JUNE-05-1-03,5,1,2006,Functional Magnetic Resonance Imaging (fMRI): A Brief Exercise for an Undergraduate Laboratory Course,PDF,Zebrafish,1,2,0,0,0,3,0,0,0,0,0,0,0,0,0,0,0,0,0,0,0,0,0,0,1,0,0,0,4
JUNE-05-1-04,5,1,2006,Collaborative Research in Teaching: Collaboration between Laboratory Courses at Neighboring Institutions,PDF,Rat,7,0,0,0,0,0,0,0,0,0,0,0,0,0,0,0,0,0,0,0,0,0,0,0,0,0,0,0,0
JUNE-05-1-05,5,1,2006,"Cultivation of an Interdisciplinary, Research-Based Neuroscience Minor at Hope College",PDF,Rat,3,0,0,0,0,0,0,2,0,0,0,0,0,0,0,0,0,0,0,0,0,0,0,0,0,0,0,0,1
JUNE-05-2-06,5,2,2007,Teaching About the Brain and Reaching the Community: Undergraduates in the Pipeline Neuroscience Program at the University of Pennsylvania,PDF,,0,0,0,0,0,0,0,0,0,0,0,0,0,0,0,0,0,0,0,0,0,0,0,0,2,0,0,0,0
JUNE-05-2-07,5,2,2007,Methods for Handling Missing Data in the Behavioral Neurosciences: Don’t Throw the Baby Rat out with the Bath Water,PDF,Rat,15,0,0,0,0,0,0,0,0,0,0,0,0,0,0,0,0,0,0,0,0,0,0,0,0,0,0,0,0
JUNE-05-2-10,5,2,2007,"IFEL TOUR: A Description of the Introduction to FUN Electrophysiology Labs Workshop at Bowdoin College, July 27-30, and the Resultant Faculty Learning Community",PDF,Other fish; Crayfish; Snail; Other invertebrates,0,0,0,1,0,0,3,19,0,0,0,0,0,0,0,0,18,0,1,3,2,0,0,0,0,0,0,0,1
JUNE-05-2-11,5,2,2007,Use of the Pyrithiamine-Induced Thiamine Deficient Animal Model of Korskoff’s Syndrome for Exploratory Research Activities in Undergraduate Physiological Psychology,PDF,Rat,10,0,2,0,0,0,0,0,0,0,0,0,0,0,0,0,0,0,0,0,0,0,0,0,0,0,0,0,0
JUNE-05-2-12,5,2,2007,Utility and Versatility of Extracellar Recordings from the Cockroach for Neurophysiological Instruction and Demonstration,PDF,Cockroach; Other invertebrates,1,1,1,0,0,0,0,1,1,39,0,0,2,0,1,0,0,0,0,3,1,0,0,0,0,1,0,1,1
JUNE-06-1-04,6,1,2007,DataView: A Tutorial Tool for Data Analysis. Template-based Spike Sorting and Frequency Analysis.,PDF,Mouse; Crayfish,0,3,0,0,0,0,0,7,1,0,0,0,0,0,0,0,0,0,0,0,0,0,0,0,0,0,0,0,0
JUNE-06-1-05,6,1,2007,"Novel in silico Method for Teaching Cytoarchitecture, Cellular Diversity, and Gene Expression in the Mammalian Brain",PDF,Mouse; Other rodents,0,6,3,0,0,0,0,0,0,0,0,0,0,0,0,0,0,0,0,0,0,0,0,0,1,0,0,0,0
JUNE-06-1-06,6,1,2007,Technical Note: Construction of a Simple Suction Electrode for Extracellular Recording and Stimulation,PDF,Crayfish; Other crustaceans; Other insects,0,0,0,0,0,0,0,9,3,0,0,0,4,0,0,0,0,0,0,1,0,0,0,0,0,0,0,0,2
JUNE-06-1-07,6,1,2007,NorthEast Under/graduate Research Organization for Neuroscience (NEURON): Our Third New York City Meeting,PDF,Rat,3,2,1,0,0,0,0,0,1,0,0,0,0,0,0,0,0,0,0,0,0,0,0,0,0,0,0,0,0
JUNE-06-1-08,6,1,2007,Dual Format Course Design: Neuroanatomy and Neurophysiology for Adult Learners,PDF,,0,0,0,0,0,0,0,0,0,0,0,0,0,0,0,0,0,0,0,0,0,0,0,0,0,0,0,0,1
JUNE-06-2-03,6,2,2008,Using a Paradigm Shift to Teach Neurobiology and the Nature of Science—a C.R.E.A.T.E.-based Approach,PDF,,0,0,0,1,0,0,0,0,0,0,0,0,0,0,0,0,0,0,0,0,2,0,0,0,0,0,0,0,0
JUNE-06-2-04,6,2,2008,Demonstrating Cerebral Vascular Networks: A Comparison of Methods for the Teaching Laboratory,PDF,Rat; Mouse,9,13,0,0,0,0,0,0,0,0,0,0,0,0,0,0,0,0,0,0,0,0,0,0,0,1,0,0,0
JUNE-06-2-05,6,2,2008,Crayfish Aggression and the Androgenic Gland in a Behavior Lab for Non-Majors,PDF,Crayfish; Other crustaceans,1,0,0,0,0,0,0,33,8,0,0,0,0,0,0,0,0,0,0,0,0,0,0,0,0,1,0,0,0
JUNE-06-2-06,6,2,2008,Effective Use of Computer Simulations in an Introductory Neuroscience Laboratory,PDF,Rat,4,0,0,0,0,0,1,0,0,0,0,0,0,0,0,0,0,0,0,0,0,0,0,0,0,0,0,0,1
JUNE-06-2-07,6,2,2008,Online Multimedia Teaching Tool for Parkinson’s Disease,PDF,,0,0,0,0,0,0,0,0,0,0,0,0,0,0,0,0,0,0,0,0,0,0,0,0,0,0,1,0,0
JUNE-07-1-03,7,1,2008,The Digital Microscope: A Tool for Teaching Laboratory Skills in Distance Learning Courses,PDF,Rat,4,0,0,0,0,0,0,0,0,0,0,0,0,0,0,0,0,0,0,0,0,0,0,0,0,0,0,0,0
JUNE-07-1-04,7,1,2008,Experiencing Visuo-Motor Plasticity by Prism Adaptation in a Classroom Setting,PDF,Non-human primates,1,0,0,0,0,0,0,0,0,0,0,0,0,0,0,0,0,0,0,0,0,0,0,0,0,0,3,0,1
JUNE-07-1-05,7,1,2008,Virtual EEG: A Software-Based Electroencephalogram Designed for Undergraduate Neuroscience-Related Courses,PDF,Students as their own subjects,0,1,0,0,0,0,0,0,0,0,0,0,0,0,0,0,0,0,0,0,0,0,0,0,0,0,0,0,90
JUNE-07-1-06,7,1,2008,"A Laboratory Exercise for a College-Level, Introductory Neuroscience Course Demonstrating Effects of Housing Environment on Anxiety and Psychostimulant Sensitivity",PDF,Rat; Other rodents,68,0,5,0,0,0,0,0,0,0,0,0,0,0,0,0,0,0,0,0,0,0,0,0,0,0,0,0,0
JUNE-07-1-07,7,1,2008,"Constructing Inexpensive, Flexible, and Versatile Microdialysis Probes in an Undergraduate Microdialysis Research Lab",PDF,Rat; Mouse,9,13,0,0,0,0,0,0,0,0,0,0,0,0,0,0,0,0,0,0,0,0,0,0,0,2,0,0,0
JUNE-07-2-04,7,2,2009,The Flatworm Planaria as a Toxicology and Behavioral Pharmacology Animal Model in Undergraduate Research Experiences,PDF,Planaria,0,0,0,0,0,0,0,0,0,0,0,0,1,0,0,0,0,32,0,2,0,0,0,0,0,0,0,0,0
JUNE-07-2-05,7,2,2009,Every Cell Counts: An Inquiry-Based Approach to Address a Novel Research Question in an Undergraduate Neuroscience Lab,PDF,Rat; Mouse; Other rodents; Cat / dog,5,5,23,0,0,0,1,1,0,0,0,0,0,0,0,0,0,0,0,0,1,2,2,2,0,3,0,0,0
JUNE-07-2-06,7,2,2009,Northeast Under/graduate Research Organization for Neuroscience (NEURON): Our Thirteenth Conference for Neuroscience Trainees and Educators,PDF,,1,0,1,0,0,0,0,0,0,0,0,0,0,0,0,0,0,0,0,0,0,0,0,0,0,0,0,0,0
JUNE-07-2-07,7,2,2009,Successful Integration of Interactive Neuroscience Simulations into a Non-Laboratory Sensation & Perception Course,PDF,,0,0,0,0,0,0,0,0,0,0,0,0,0,0,0,0,0,0,0,0,0,0,0,0,0,0,0,0,2
JUNE-07-2-09,7,2,2009,The Student Surgeon: A Behavioral Neuroendocrinology Laboratory Exercise in Rats,PDF,Rat,29,0,2,0,0,0,0,0,0,0,0,0,0,0,0,0,0,0,0,0,0,0,0,0,2,0,0,1,2
JUNE-08-1-02,8,1,2009,Jeanne Narum: A Lifetime of Achievement,PDF,,0,0,0,0,0,0,0,0,0,0,0,0,0,0,0,0,0,0,0,0,0,0,0,0,0,0,0,0,1
JUNE-08-1-03,8,1,2009,"Sex, Gender, and the Brain: A Non-Majors Course Linking Neuroscience and Women’s Studies",PDF,Other invertebrates; Students as their own subjects,0,0,2,0,0,0,0,2,1,0,0,0,0,0,0,0,0,0,1,3,0,0,2,0,2,0,2,1,12
JUNE-08-1-04,8,1,2009,Vision and Art: An Interdisciplinary Approach to Neuroscience Education,PDF,Sheep / pig / cow; Students as their own subjects,0,0,0,0,0,0,0,0,0,0,0,0,0,0,0,0,0,0,0,0,0,0,0,0,3,0,0,0,3
JUNE-08-1-06,8,1,2009,A Self-Study Tutorial using the Allen Brain Explorer and Brain Atlas to Teach Concepts of Mammalian Neuroanatomy and Brain Function,PDF,Mouse,0,10,0,0,0,0,0,0,0,0,0,0,0,0,0,0,0,0,0,0,0,0,0,0,0,0,0,0,0
JUNE-08-1-07,8,1,2009,Modular Digital Course in Undergraduate Neuroscience Education (MDCUNE): A Website Offering Free Digital Tools for Neuroscience Educators,PDF,Mouse; Chick / birds,1,9,0,0,0,0,0,0,0,0,0,0,0,0,0,0,0,0,0,0,0,0,0,8,0,0,0,0,0
JUNE-08-1-09,8,1,2009,Developing a Project-Oriented Introduction to Neuroscience Lab at Hope College,PDF,Rat,40,0,0,0,0,0,0,0,0,0,0,0,0,0,0,0,0,0,0,0,0,0,0,0,1,0,0,0,2
JUNE-08-1-10,8,1,2009,Teaching Laboratory Neuroscience at Bowdoin: The Laboratory Instructor Perspective,PDF,Drosophila (fruit fly); Other fish; Crayfish; Cricket; Other insects; Snail,1,2,0,6,0,0,4,6,0,2,8,0,3,0,0,0,5,0,0,0,1,0,0,0,1,0,0,0,1
JUNE-08-1-11,8,1,2009,"g-PRIME: A Free, Windows Based Data Acquisition and Event Analysis Software Package for Physiology in Classrooms and Research Labs",PDF,Crayfish,0,0,0,1,0,0,2,7,0,0,0,0,0,0,0,0,1,0,0,0,0,0,0,0,0,0,0,1,1
JUNE-08-1-12,8,1,2009,Teaching Undergraduate Neuroscience in the Digital Age,PDF,Mouse,0,5,0,2,0,0,0,0,0,0,0,0,0,0,0,0,0,0,0,0,1,0,0,0,0,0,0,0,1
JUNE-08-1-14,8,1,2009,Brain Awareness Week and Beyond: Encouraging the Next Generation,PDF,Honey bee,0,0,0,0,0,0,0,0,0,0,0,5,0,0,0,0,0,0,0,0,0,0,0,0,0,0,0,0,0
JUNE-08-1-15,8,1,2009,New(er) Kids on the Block – Voices of Junior FUN Faculty,PDF,,0,0,0,0,0,0,0,0,0,0,0,1,0,0,0,0,0,0,0,0,0,0,0,0,0,0,0,0,1
JUNE-08-1-17,8,1,2009,Facilities Planning for the Neuroscience Curriculum at a Primarily Undergraduate Institution: St. Olaf College’s Regents Hall of Natural and Mathematical Sciences,PDF,,1,2,0,0,0,0,0,0,0,0,0,0,0,1,0,0,0,0,0,2,0,0,0,0,0,0,0,1,1
JUNE-08-2-03,8,2,2010,Laboratory Class Project: Using a Cichlid Fish display Tank to Teach Students about Complex Behavioral Systems,PDF,Other fish,0,0,0,0,0,0,26,0,0,0,0,0,0,0,0,0,0,0,0,0,0,0,0,0,0,0,0,0,0
JUNE-08-2-04,8,2,2010,Narratives and Neurons: Stories of Damaged Brains,PDF,,0,0,0,0,0,0,0,0,0,0,0,0,0,0,0,0,0,0,0,0,0,0,1,0,0,0,0,0,1
JUNE-08-2-07,8,2,2010,Exploration of Gerontogenes in the Nervous System: A Multi-Level Neurogenomics Laboratory Module for an Intermediate Neuroscience and Behavior Course,PDF,C. elegans,0,1,1,1,22,0,0,0,0,0,0,0,1,0,0,0,0,0,0,0,0,0,0,0,0,0,0,0,0
JUNE-08-2-08,8,2,2010,Demonstrations of Neural Network Computations Involving Students,PDF,,0,0,0,0,0,0,0,0,0,0,0,0,0,0,0,0,0,0,0,0,0,0,0,0,0,0,0,0,1
JUNE-09-1-04,9,1,2010,Using Neurogenetics and the Warmth-Gated Ion Channel TRPA1 to Study the Neural Basis of Behavior in Drosophila,PDF,Drosophila (fruit fly),0,0,0,19,0,0,0,0,0,0,0,0,1,0,0,0,0,0,0,0,0,0,0,0,0,0,0,0,0
JUNE-09-1-05,9,1,2010,A Visually-Induced Eyelid Droop Illusion as a Classroom Demonstration of Cross-Modality,PDF,Students as their own subjects,0,0,0,0,0,0,0,0,0,0,0,0,0,0,0,0,0,0,0,0,0,0,0,0,0,0,0,0,41
JUNE-09-1-06,9,1,2010,Teaching Basic Neurophysiology Using Intact Earthworms,PDF,Earthworm; Frog / Xenopus,0,0,0,0,0,0,0,0,1,0,0,0,0,0,0,0,0,0,34,0,3,0,0,0,0,0,0,0,16
JUNE-09-1-07,9,1,2010,Meeting the Challenge of Preparing Undergraduates for Careers in Cognitive Neuroscience,PDF,Students as their own subjects,0,0,0,0,0,0,0,0,0,0,0,0,0,0,0,0,0,0,0,0,0,0,0,0,0,0,0,0,32
JUNE-09-1-08,9,1,2010,Dissection of the Hippocampus Proper and the Associated Structures in Preserved Horse Brains,PDF,Sheep / pig / cow,0,0,0,0,0,0,0,0,0,0,0,0,0,0,0,0,0,0,0,0,0,0,0,0,6,0,0,0,0
JUNE-09-1-09,9,1,2010,Exploring the Complexities of Experimental Design: Using an On-line Reaction Time Program,PDF,Students as their own subjects,0,1,0,0,0,0,0,0,0,0,0,0,0,0,0,0,0,0,0,0,0,0,0,0,0,0,0,0,33
JUNE-09-1-10,9,1,2010,Design and Construction of a Two-Temperature Preference Behavioral Assay,PDF,Mouse; Drosophila (fruit fly),0,3,0,6,0,0,0,0,0,0,0,0,0,0,0,0,0,0,0,0,0,0,0,0,0,1,0,0,0
JUNE-09-1-11,9,1,2010,Neural Networks: Making Connections about the Brain and about College,PDF,,0,0,0,0,0,0,0,0,0,0,0,0,0,0,0,0,0,0,0,0,0,0,0,0,1,0,0,0,4
JUNE-09-2-04,9,2,2011,Volunteerism is Key to Offering Successful Neuroscience Outreach with Limited Resources,PDF,,0,0,0,0,0,0,0,0,0,0,0,2,0,0,0,0,0,0,0,0,0,0,0,0,0,0,0,0,1
JUNE-09-2-06,9,2,2011,An Undergraduate Laboratory Exercise to Study Weber’s Law,PDF,,0,1,0,0,0,0,0,0,0,0,0,0,0,0,0,0,0,0,0,0,0,0,0,0,0,0,0,0,1
JUNE-09-2-07,9,2,2011,"SYNAPSE, Symposium for Young Neuroscientists and Professors of the Southeast: A One-day, Regional Neuroscience Meeting Focusing on Undergraduate Research",PDF,,0,0,0,1,0,0,0,0,0,0,0,0,0,0,0,0,0,0,0,0,0,0,0,0,0,0,0,0,3
JUNE-09-2-08,9,2,2011,Incorporating Scientific Publishing into an Undergraduate Neuroscience Course: A Case Study Using IMPULSE,PDF,Other crustaceans,0,0,0,0,0,0,0,0,3,0,0,0,0,0,0,0,0,0,0,0,0,0,0,0,0,0,0,0,2
JUNE-09-2-09,9,2,2011,Music and the Mind: A New Interdisciplinary Course on the Science of Musical Experience,PDF,Students as their own subjects,0,0,0,0,0,0,0,0,0,0,0,0,0,0,0,0,0,0,0,0,1,0,0,0,0,0,0,0,15
JUNE-10-1-05,10,1,2011,The Use of “Non-Fiction Novels” in a Sensation and Perception Course,PDF,,0,0,0,0,0,0,0,0,0,0,0,0,0,0,0,0,0,0,0,0,0,0,0,0,0,0,0,0,2
JUNE-10-1-06,10,1,2011,Human Brains Engaged in Rat Brains: Student-driven Neuroanatomy Research in an Introductory Biology Lab Course,PDF,Rat; Sheep / pig / cow,23,1,0,0,0,0,0,0,0,0,0,0,0,0,0,0,0,0,0,0,0,0,0,0,3,0,0,0,0
JUNE-10-1-07,10,1,2011,Decreasing Neuroscience Anxiety in an Introductory Neuroscience Course: An Analysis Using Data from a Modified Science Anxiety Scale,PDF,Sheep / pig / cow,0,0,0,0,0,0,0,0,0,0,0,0,0,0,0,0,0,0,0,0,0,0,0,0,3,0,0,0,0
JUNE-10-1-08,10,1,2011,Integrating Community Outreach into the Undergraduate Neuroscience Classroom,PDF,,0,0,0,0,0,0,0,0,0,0,0,0,0,0,0,0,0,0,0,0,0,0,0,0,0,0,0,0,2
JUNE-10-1-10,10,1,2011,Practical Experience with Age-related Dementia: Implementation and Outcomes of a Semester-long Service Learning Project in Neuropsychology,PDF,,0,0,0,0,0,0,0,0,0,0,0,0,0,0,0,0,0,0,0,0,0,0,0,0,0,1,0,0,0
JUNE-10-1-11,10,1,2011,Use of Personal EEG Monitors in a Behavioral Neuroscience Course to Investigate Natural Setting Sleep Patterns and the Factors Affecting Them in College Students,PDF,Students as their own subjects,0,0,0,0,0,0,0,0,0,0,0,0,0,0,0,0,0,0,0,0,0,0,0,0,0,0,0,0,22
JUNE-10-1-12,10,1,2011,A Conceptual Framework for Interdisciplinary Curriculum Design: A Case Study in Neuroscience,PDF,,0,1,0,0,0,0,0,0,0,0,0,0,0,0,1,0,0,0,0,0,0,0,0,0,0,0,0,0,1
JUNE-10-1-13,10,1,2011,Design Plans for an Inexpensive Tail Flick Analgesia Meter,PDF,Mouse; Other rodents,0,5,9,0,0,0,0,0,0,0,0,0,0,0,0,0,0,0,0,0,0,0,0,0,0,0,0,0,4
JUNE-10-2-03,10,2,2012,Assessing Development of an Interdisciplinary Perspective in an Undergraduate Neuroscience Course,PDF,,0,0,0,0,0,0,0,0,0,0,0,0,0,0,0,0,0,0,0,0,0,0,0,0,0,0,0,0,7
JUNE-10-2-04,10,2,2012,Characterizing Mystery Cell Lines: Student-driven Research Projects in an Undergraduate Neuroscience Laboratory Course,PDF,Mouse,0,4,0,0,0,0,0,0,0,0,0,0,0,0,0,0,0,0,0,0,0,0,0,0,1,0,0,0,1
JUNE-10-2-06,10,2,2012,Using In Vivo Voltammetry to Demonstrate Drug Action: A Student Laboratory Experience in Neurochemistry,PDF,Rat,3,0,0,0,0,0,0,0,0,0,0,0,0,0,0,0,0,0,0,0,0,0,0,0,0,0,0,0,0
JUNE-10-2-07,10,2,2012,Bio-amplifier with Driven Shield Inputs to Reduce Electrical Noise and its Application to Laboratory Teaching of Electrophysiology,PDF,Students as their own subjects,1,0,0,0,0,0,0,0,0,0,0,0,0,0,0,0,0,0,0,0,0,0,0,0,0,0,0,0,34
JUNE-10-2-09,10,2,2012,An Undergraduate Laboratory Exercise Examining the Psychomotor Stimulant Effects of Caffeine in Laboratory Rats,PDF,Rat,62,0,0,0,0,0,0,0,0,0,0,0,0,0,0,0,0,0,0,0,0,0,0,0,1,0,0,0,0
JUNE-11-1-11,11,1,2012,Cultivating Diversity and Competency in STEM: Challenges and Remedies for Removing Virtual Barriers to Constructing Diverse Higher Education Communities of Success,PDF,,0,0,0,0,0,0,0,0,0,0,0,0,0,0,0,0,0,0,0,0,0,0,0,0,0,0,0,1,0
JUNE-11-1-13,11,1,2012,The Intentional Mentor: Effective Mentorship of Undergraduate Science Students,PDF,,1,0,0,0,0,0,0,0,0,0,0,0,0,0,0,0,0,0,0,0,0,0,0,0,0,0,0,0,0
JUNE-11-1-14,11,1,2012,Classroom Activities: Simple Strategies to Incorporate Student-Centered Activities within Undergraduate Science Lectures,PDF,,0,0,0,0,1,1,0,0,0,0,0,0,0,0,0,0,0,0,0,1,1,0,0,0,0,0,0,0,0
JUNE-11-1-16,11,1,2012,Accelerated Integrated Science Sequence: An Interdisciplinary Introductory Course for Science Majors,PDF,,0,0,0,0,0,0,0,1,0,0,0,0,0,0,0,0,0,0,0,0,0,0,0,0,0,0,0,0,0
JUNE-11-1-19,11,1,2012,The Value of Partnerships in Science Education: A Win-Win Situation,PDF,,0,0,0,0,0,0,0,0,0,0,0,0,0,0,0,0,0,0,0,0,0,0,0,0,0,0,0,2,0
JUNE-11-1-20,11,1,2012,Neuroscience Study Abroad: Developing a Short-Term Summer Course,PDF,Chick / birds,0,1,0,2,0,0,0,0,0,0,0,0,1,0,0,0,0,0,0,1,0,0,0,3,0,0,0,0,0
JUNE-11-1-22,11,1,2012,Planning and Designing Spaces for the Sciences,PDF,,0,0,0,0,0,0,0,0,0,0,0,0,0,0,0,0,0,0,0,0,0,0,0,0,0,0,0,2,0
JUNE-11-1-23,11,1,2012,Teaching Neuroinformatics with an Emphasis on Quantitative Locus Analysis,PDF,Mouse,0,11,0,0,0,0,0,0,0,0,0,0,0,0,0,0,0,0,0,0,0,0,0,0,0,0,0,0,0
JUNE-11-1-24,11,1,2012,Exploring Sensory Neuroscience Through Experience and Experiment,PDF,Students as their own subjects,0,0,0,0,0,0,0,0,0,0,0,0,0,0,0,0,0,0,0,0,0,0,0,0,0,0,0,0,70
JUNE-11-1-26,11,1,2012,The Fundamentals of Flying: Simple and Inexpensive Strategies for Employing Drosophila Genetics in Neuroscience Teaching Laboratories,PDF,Drosophila (fruit fly),0,0,0,47,0,0,0,0,0,0,0,0,1,0,0,0,0,0,0,0,0,0,0,0,0,0,0,1,0
JUNE-11-1-27,11,1,2012,Electroretinograms in Drosophila: A Robust and Genetically Accessible Electrophysiological System for the Undergraduate Laboratory,PDF,Drosophila (fruit fly); Crayfish; Other insects,0,0,0,53,0,0,0,3,0,0,0,0,4,1,0,0,1,0,0,2,0,0,0,0,0,0,0,0,0
JUNE-11-1-28,11,1,2012,Classic Clinical Technique Adapted to Demonstrate Autonomic Nervous System Physiology in an Undergraduate Laboratory Course,PDF,Students as their own subjects,0,0,0,0,0,0,0,0,0,0,0,0,0,0,0,0,0,0,0,0,0,0,0,0,0,0,0,0,14
JUNE-11-1-29,11,1,2012,The Homemade Alternative: Teaching Human Neurophysiology with Instrumentation Made (Almost) from Scratch,PDF,Cricket; Other invertebrates; Students as their own subjects,0,1,0,0,0,0,0,0,0,0,12,0,0,0,0,0,0,0,0,3,0,0,0,0,0,0,0,1,38
JUNE-11-2-02,11,2,2013,An Undergraduate Laboratory Exercise to Study Sensory Inhibition,PDF,,0,1,0,0,0,0,0,0,0,0,0,0,0,0,0,0,0,0,0,0,0,0,0,0,0,0,0,0,2
JUNE-11-2-04,11,2,2013,Using Chick Forebrain Neurons to Model Neurodegeneration and Protection in an Undergraduate Neuroscience Laboratory Course,PDF,Rat; Mouse; Chick / birds,3,3,0,0,0,0,0,0,0,0,0,0,0,0,0,0,0,0,0,0,0,0,0,19,0,0,0,0,0
JUNE-12-1-06,12,1,2013,MetaNeuron: A Free Neuron Simulation Program for Teaching Cellular Neurophysiology,PDF,Mouse,0,7,0,0,0,0,0,0,0,0,0,0,0,0,0,0,0,0,0,0,0,0,0,0,0,0,0,0,0
JUNE-12-1-08,12,1,2013,Can You Change a Student’s Mind in a Course about the Brain? Belief Change Following an Introductory Course in Biological Psychology,PDF,,0,0,0,0,0,0,0,0,0,0,0,0,0,0,0,0,0,0,0,0,0,0,0,0,0,0,0,0,2
JUNE-12-1-09,12,1,2013,Pleasure and Pain: Teaching Neuroscientific Principles of Hedonism in a Large General Education Undergraduate Course,PDF,,0,0,0,0,0,0,0,0,0,0,0,0,0,0,0,0,0,0,0,0,0,0,0,0,0,0,0,0,2
JUNE-12-1-13,12,1,2013,Studying Temporal Properties of Stimulus-Evoked Responses in the Ventral Nerve Cord of Insects,PDF,Cockroach; Other insects,0,0,0,0,0,0,1,0,0,6,0,0,3,0,0,0,0,0,0,0,0,0,0,0,0,0,0,0,0
JUNE-12-1-14,12,1,2013,Using Crickets to Introduce Neurophysiology to Early Undergraduate Students,PDF,Cockroach; Cricket; Other insects; Other invertebrates,0,1,0,0,0,0,0,2,0,7,71,0,27,0,0,0,0,0,1,4,0,0,0,0,0,0,0,0,0
JUNE-12-1-15,12,1,2013,The Use of Mock NSF-type Grant Proposals and Blind Peer Review as the Capstone Assignment in Upper-Level Neurobiology and Cell Biology Courses,PDF,,1,0,0,0,0,0,0,0,0,0,0,0,0,0,0,0,0,0,0,0,0,0,0,0,0,0,0,0,0
JUNE-12-1-16,12,1,2013,Engaging Undergraduates in a Unique Neuroscience Research Opportunity: A Collaborative Research Experience Between a Primarily Undergraduate Institution (PUI) and a Major Research Institution,PDF,,0,0,0,0,0,0,0,0,0,0,0,0,0,0,0,0,0,0,0,0,0,1,0,0,0,0,0,0,0
JUNE-12-2-04,12,2,2014,Behavioral Observation of Xenopus Tadpole Swimming for Neuroscience Labs,PDF,Frog / Xenopus,0,0,0,1,0,2,0,1,0,1,0,0,2,1,0,0,1,0,1,1,96,0,0,0,0,0,0,0,0
JUNE-12-2-06,12,2,2014,NeuroLab: A Set of Graphical Computer Simulations to Support Neuroscience Instruction at the High School and Undergraduate Level,PDF,,0,0,0,0,0,0,0,0,0,0,0,0,0,0,0,0,0,0,0,0,0,0,0,0,0,0,0,0,3
JUNE-12-2-07,12,2,2014,Complementing Neurophysiology Education for Developing Countries via Cost-Effective Virtual Labs: Case Studies and Classroom Scenarios,PDF,Squid / octopus,0,0,0,0,0,0,0,0,0,0,0,0,0,0,0,3,0,0,0,0,0,0,0,0,0,0,0,0,0
JUNE-12-2-08,12,2,2014,Application of a Spike Sorting Procedure to Analyze Recordings in the Crayfish Ventral Superficial Flexor Preparation: A High Resolution Approach to the Study of Neuromodulators on Axons and Synapses,PDF,Crayfish,0,0,0,1,0,0,0,13,0,0,0,0,0,0,0,0,0,0,0,0,0,0,1,0,0,0,0,0,0
JUNE-12-2-10,12,2,2014,Attitudes Toward Animal Research: Revisiting Gallup and Beckstead (1988),PDF,,0,2,0,0,0,0,0,0,0,0,0,0,0,0,0,0,0,0,0,0,0,0,0,0,0,0,0,0,0
JUNE-13-1-03,13,1,2014,K-12 Neuroscience Education Outreach Program: Interactive Activities for Educating Students about Neuroscience,PDF,Other crustaceans; Sheep / pig / cow,1,1,0,0,0,0,0,0,6,0,0,0,0,0,0,0,0,0,0,0,0,0,0,0,7,0,0,0,4
JUNE-13-1-04,13,1,2014,Students Apply Research Methods to Consumer Decisions About Cognitive Enhancing Drinks,PDF,Students as their own subjects,0,0,0,0,0,0,0,0,0,0,0,0,0,0,0,0,0,0,0,0,0,0,0,0,0,0,0,0,40
JUNE-13-1-05,13,1,2014,“Thinking like a Neuroscientist”: Using Scaffolded Grant Proposals to Foster Scientific Thinking in a Freshman Neuroscience Course,PDF,,0,2,0,0,0,0,0,0,0,0,0,0,0,0,0,0,0,0,0,0,0,0,0,0,0,0,0,0,0
JUNE-13-1-06,13,1,2014,A Proposal for Undergraduate Students’ Inclusion in Brain Awareness Week: Promoting Interest in Curricular Neuroscience Components,PDF,Students as their own subjects,0,0,0,0,0,0,0,0,0,0,0,0,0,0,0,0,0,0,0,0,0,0,0,0,0,0,0,0,6
JUNE-13-1-07,13,1,2014,Engaging Undergraduate Summer Research Students and Faculty in a Regional Neuroscience Network,PDF,,1,1,1,0,0,0,0,0,0,0,0,0,0,0,0,0,0,0,0,0,0,0,0,0,0,0,0,0,1
JUNE-13-1-08,13,1,2014,Recording Field Potentials From Zebrafish Larvae During Escape Responses,PDF,Zebrafish; Other insects; Earthworm,0,0,0,1,0,54,1,2,0,2,0,0,5,0,0,0,0,0,3,0,1,0,0,0,0,0,0,0,7
JUNE-13-2-03,13,2,2015,Dark Adaptation and Purkinje Shift: A Laboratory Exercise in Perceptual Neuroscience,PDF,,0,0,0,0,0,0,0,0,0,0,0,0,0,0,0,0,0,0,0,0,0,0,0,0,0,0,0,0,8
JUNE-13-2-04,13,2,2015,Brain Literate: Making Neuroscience Accessible to a Wider Audience of Undergraduates,PDF,Students as their own subjects,0,0,0,0,0,0,0,0,0,0,0,0,0,0,0,0,0,0,0,0,0,0,0,0,0,0,0,0,4
JUNE-13-2-05,13,2,2015,A Classic Improved: Minor Tweaks Yield Major Benefits in Crayfish Slow-Flexor Preparations,PDF,Crayfish,0,1,0,0,0,0,0,11,1,0,0,0,0,0,0,0,0,0,0,0,0,0,0,0,1,0,0,0,0
JUNE-13-2-06,13,2,2015,"Mad Dogs, Vampires, and Zombie Ants: A Multidisciplinary Approach to Teaching Neuroscience, Behavior, and Microbiology",PDF,Mouse; Other rodents; Cockroach; Cricket; Other insects; Cat / dog,1,3,5,0,0,0,0,0,0,5,5,2,6,0,0,0,0,0,0,0,0,0,0,0,0,8,0,0,0
JUNE-13-2-07,13,2,2015,Undergraduate Neuropharmacology: A Model for Delivering College-Level Neuroscience to High School Students in situ,PDF,,0,0,0,0,0,0,0,0,0,0,0,0,0,0,0,0,0,0,0,0,0,0,0,0,1,0,0,0,0
JUNE-13-2-08,13,2,2015,"Exercises in Anatomy, Connectivity, and Morphology using Neuromorpho.org and the Allen Brain Atlas",PDF,Mouse; Non-human primates,1,9,1,0,0,0,0,0,0,0,0,0,0,0,0,0,0,0,0,0,0,0,0,0,1,0,4,0,0
JUNE-13-3-03,13,3,2015,VideoHacking: Automated Tracking and Quantification of Locomotor Behavior with Open Source Software and Off-the-Shelf Video Equipment,PDF,Other rodents; Zebrafish; Chick / birds,0,0,6,0,0,17,0,0,0,0,0,0,0,0,0,0,0,0,0,0,0,0,0,5,0,0,0,0,0
JUNE-13-3-04,13,3,2015,ERIN: A Portal to Resources for Higher Education in Neuroscience,PDF,,0,0,0,0,0,0,0,1,0,0,0,0,0,0,0,1,0,0,0,2,0,0,0,0,0,0,0,0,2
JUNE-13-3-05,13,3,2015,Documenting Laboratory Procedures with Video,PDF,,0,0,0,0,0,0,0,0,0,0,0,0,0,0,0,0,0,0,0,0,0,0,0,0,0,0,0,1,0
JUNE-13-3-06,13,3,2015,Retention of Underrepresented Minority Faculty: Strategic Initiatives for Institutional Value Proposition Based on Perspectives from a Range of Academic Institutions,PDF,,0,0,0,0,0,0,0,0,0,0,0,0,0,0,0,0,0,0,0,0,0,0,0,0,0,0,0,1,0
JUNE-13-3-08,13,3,2015,Best Practices: The Neuroscience Program at Central Michigan University,PDF,,0,0,0,0,0,0,0,0,0,0,0,0,0,0,0,0,0,0,0,0,0,0,0,0,0,1,0,0,0
JUNE-13-3-09,13,3,2015,Career Transitions for Faculty Members Committed to Undergraduate Neuroscience Education,PDF,,1,0,0,0,0,0,0,0,0,0,0,0,0,0,0,0,0,0,0,0,0,0,0,0,0,0,0,0,1
JUNE-13-3-11,13,3,2015,Light Activated Escape Circuits: A Behavior and Neurophysiology Lab Module using Drosophila Optogenetics,PDF,Drosophila (fruit fly); Other insects,0,0,0,11,0,0,0,0,0,0,0,0,4,0,0,0,0,0,0,2,0,0,0,0,0,0,0,0,0
JUNE-13-3-12,13,3,2015,Gel Scramble: An E-Tool for Teaching Molecular Neuroscience,PDF,,1,0,0,1,0,0,0,0,0,0,0,0,0,0,0,0,0,0,0,0,0,0,0,0,0,0,0,0,0
JUNE-13-3-14,13,3,2015,How to Successfully Incorporate Undergraduate Researchers Into a Complex Research Program at a Large Institution,PDF,,0,0,0,0,0,0,0,0,0,0,0,0,0,0,0,0,0,0,0,0,0,0,0,0,0,1,0,0,0
JUNE-13-3-15,13,3,2015,"Mission-Driven, Manageable and Meaningful Assessment of an Undergraduate Neuroscience Program",PDF,,0,0,0,0,0,0,0,0,0,0,0,0,0,0,0,0,0,0,0,0,0,0,0,0,0,2,0,0,0
JUNE-13-3-16,13,3,2015,In Situ Teaching: Fusing Labs & Lectures in Undergraduate Science Courses to Enhance Immersion in Scientific Research,PDF,,0,0,0,0,0,0,0,0,0,0,0,0,0,0,0,0,0,0,0,0,0,0,0,0,0,0,0,0,1
JUNE-13-3-17,13,3,2015,"In Vivo Time-Lapse Imaging in the Zebrafish Lateral Line: A Flexible, Open-Ended Research Project for an Undergraduate Neurobiology Laboratory Course",PDF,Zebrafish,0,0,0,0,0,40,0,0,0,0,0,0,0,0,0,0,0,0,0,0,0,0,0,0,0,0,0,0,1
JUNE-13-3-18,13,3,2015,Using the Humanities to Teach Neuroscience to Non-majors,PDF,,1,1,0,0,0,0,0,0,0,0,0,0,0,0,0,0,0,0,0,0,0,0,0,0,0,0,0,0,1
JUNE-13-3-19,13,3,2015,Electrophysiology Meets Ecology: Investigating How Vision is Tuned to the Life Style of an Animal using Electroretinography,PDF,Drosophila (fruit fly); Other insects,0,0,0,10,0,0,0,0,1,0,0,2,82,0,0,0,0,0,0,0,0,0,0,0,0,0,0,0,0
JUNE-13-3-20,13,3,2015,Student Friendly Technique to Demonstrate Coordination between Postural (Involuntary) and Voluntary Muscle Contractions,PDF,Students as their own subjects,0,0,0,0,0,0,0,0,0,0,0,0,0,0,0,0,0,0,0,0,0,0,0,0,0,0,0,0,25
JUNE-14-1-03,14,1,2015,Psychoactive Substances Bill and Act of New Zealand: A Chance to Engage Undergraduate Scientists with Society using a Transfer Learning Paradigm,PDF,,0,0,2,0,0,0,0,0,0,0,0,0,0,0,0,0,0,0,0,0,0,0,0,0,0,0,0,1,0
JUNE-14-1-04,14,1,2015,Snack Cake ‘Dissection’: A Flipped Classroom Exercise to Engage Undergraduates with Basic Neuroanatomy,PDF,,0,0,0,0,0,0,0,0,0,0,0,0,0,0,0,0,0,0,0,0,0,0,0,0,1,0,0,0,0
JUNE-14-1-05,14,1,2015,Pencil-and-Paper Neural Networks: An Undergraduate Laboratory Exercise in Computational Neuroscience,PDF,,0,0,0,0,0,0,0,0,0,0,0,0,0,1,0,0,0,0,0,1,0,0,0,0,0,0,0,0,0
JUNE-14-1-06,14,1,2015,Developing the Next Generation of Civic-Minded Neuroscience Scholars: Incorporating Service Learning and Advocacy Throughout a Neuroscience Program,PDF,,1,0,0,0,0,0,0,0,0,0,0,0,0,0,0,0,0,0,0,0,0,0,0,0,0,0,0,0,4
JUNE-14-1-07,14,1,2015,Extracellular Recording of Light Responses from Optic Nerve Fibers and the Caudal Photoreceptor in the Crayfish,PDF,Crayfish,0,0,0,1,0,0,0,25,1,0,0,0,0,0,0,0,0,0,0,1,0,0,1,0,0,1,0,0,0
JUNE-14-1-09,14,1,2015,Using Tinbergen’s Four Questions as the Framework for a Neuroscience Capstone Course,PDF,,0,1,0,0,0,0,0,0,0,0,0,0,1,0,0,0,0,0,0,0,0,0,1,0,0,0,0,0,0
JUNE-14-1-10,14,1,2015,Undergraduate Biocuration: Developing Tomorrow’s Researchers While Mining Today’s Data,PDF,Mouse,0,10,0,0,0,0,0,0,0,0,0,0,0,0,0,0,0,0,0,0,0,0,0,0,0,0,0,0,0
JUNE-14-1-12,14,1,2015,A Series of Computational Neuroscience Labs Increases Comfort with MATLAB,PDF,,0,0,0,0,0,0,0,0,0,0,0,0,0,0,0,0,0,0,0,0,0,0,0,0,0,0,0,0,1
JUNE-14-1-13,14,1,2015,Excitable Membranes and Action Potentials in Paramecia: An Analysis of the Electrophysiology of Ciliates,PDF,Plants & algae,0,0,0,0,0,0,0,0,0,0,0,0,0,0,0,0,0,0,0,0,0,0,0,0,0,0,0,5,0
JUNE-14-2-08,14,2,2016,Incorporating an ERP Project into Undergraduate Instruction,PDF,Students as their own subjects,0,0,0,0,0,0,0,0,0,0,0,0,0,0,0,0,0,0,0,0,0,0,0,0,0,0,0,0,68
JUNE-14-2-10,14,2,2016,“C.R.E.A.T.E.”-ing Unique Primary-Source Research Paper Assignments for a Pleasure and Pain Course Teaching Neuroscientific Principles in a Large General Education Undergraduate Course,PDF,,0,0,2,0,0,0,0,0,0,0,0,0,0,0,0,0,0,0,0,0,0,0,0,0,0,0,0,0,0
JUNE-14-2-11,14,2,2016,Illuminating the Undergraduate Behavioral Neuroscience Laboratory: A Guide for the in vivo Application of Optogenetics in Mammalian Model Organisms,PDF,Rat; Mouse; Other rodents,6,12,6,1,0,0,0,0,0,0,0,0,0,0,0,0,0,0,0,2,0,0,0,0,0,0,0,0,0
JUNE-14-2-13,14,2,2016,Breadboard Amplifier: Building and Using Simple Electrophysiology Equipment,PDF,Students as their own subjects,0,0,0,0,0,0,0,0,0,0,0,0,0,0,0,0,0,0,0,0,0,0,0,0,0,0,0,0,55
JUNE-14-2-14,14,2,2016,Using Cultured Mammalian Neurons to Study Cellular Processes and Neurodegeneration: A Suite of Undergraduate Lab Exercises,PDF,Rat; Mouse,6,5,2,1,0,0,0,1,0,0,0,0,0,0,0,0,0,0,0,0,0,0,0,0,0,0,0,0,0
JUNE-15-1-04,15,1,2016,Undergraduate Neuroscience Education in the U.S.: Quantitative Comparisons of Programs and Graduates in the Broader Context of Undergraduate Life Sciences Education,PDF,,0,0,0,0,0,0,0,0,0,0,0,0,0,0,0,0,0,0,0,0,0,0,0,0,0,0,0,0,1
JUNE-15-1-06,15,1,2016,Simulated in vivo Electrophysiology Experiments Provide Previously Inaccessible Insights into Visual Physiology,PDF,,0,0,0,0,0,0,0,0,0,1,0,0,0,0,0,0,0,0,0,1,0,0,0,0,0,1,1,0,0
JUNE-15-1-07,15,1,2016,"The Influence of Assay Design, Blinding, and Gymnema sylvestre on Sucrose Detection by Humans",PDF,Students as their own subjects,1,1,0,0,0,0,0,0,0,0,0,0,0,0,0,0,0,0,0,0,0,0,0,0,0,0,0,1,26
JUNE-15-1-08,15,1,2016,An Undergraduate Laboratory Exercise that Demonstrates the Difference Between Peripherally and Centrally Mediated Measures,PDF,,1,1,0,0,0,0,0,0,0,0,0,0,0,0,0,0,0,0,0,0,0,0,0,0,0,0,0,0,0
JUNE-15-1-09,15,1,2016,Are Electrode Caps Worth the Investment? An Evaluation of EEG Methods in Undergraduate Neuroscience Laboratory Courses and Research,PDF,Students as their own subjects,0,0,0,0,0,0,0,0,0,0,0,0,0,0,0,0,0,0,0,0,0,0,0,0,0,0,0,0,66
JUNE-15-1-11,15,1,2016,An Inquiry-Based Approach to Study the Synapse: Student-Driven Experiments Using C. elegans,PDF,C. elegans,0,0,0,1,45,0,0,0,0,0,0,0,0,0,0,0,0,0,0,0,0,0,0,0,0,0,0,0,0
JUNE-15-1-12,15,1,2016,The Miracle Fruit: An Undergraduate Laboratory Exercise in Taste Sensation and Perception,PDF,Other fish; Students as their own subjects,0,0,0,0,0,0,4,0,0,0,0,0,0,0,0,0,0,0,0,0,0,0,0,0,0,0,0,2,75
JUNE-15-1-13,15,1,2016,The Establishment of an On-Campus Neurotraining Center at a Small University: Internship Experience Using Neuropsychological Techniques,PDF,,0,0,0,0,0,0,0,0,0,0,0,0,0,0,0,0,0,0,0,0,0,0,0,0,0,0,0,0,8
JUNE-15-1-15,15,1,2016,From Botox to Behavior: Neuroscience for Non-scientists at Emory,PDF,,0,0,0,0,0,0,0,0,0,0,0,0,0,0,0,0,0,0,0,0,0,0,0,0,0,0,0,0,3
JUNE-15-1-17,15,1,2016,Using Rubrics as a Scientific Writing Instructional Method in Early Stage Undergraduate Neuroscience Study,PDF,,0,1,0,1,0,1,0,0,0,0,0,0,0,0,0,0,0,0,0,0,0,0,0,0,0,0,0,0,0
JUNE-15-1-19,15,1,2016,The Woman Born Without a Cerebellum: A Real-Life Case Adapted for Use in an Undergraduate Developmental and Systems Neuroscience Course,PDF,,0,0,0,0,0,0,0,0,0,0,0,0,0,0,0,0,0,0,0,0,0,0,0,0,0,0,0,0,1
JUNE-15-1-20,15,1,2016,Professor Eric Can’t See: A Project-Based Learning Case for Neurobiology Students,PDF,,0,1,0,0,0,0,0,0,0,0,0,0,0,0,0,0,0,0,0,0,0,0,0,0,0,0,0,0,1
JUNE-15-2-05,15,2,2017,"Neurogaming Technology Meets Neuroscience Education: A Cost-Effective, Scalable, and Highly Portable Undergraduate Teaching Laboratory for Neuroscience",PDF,Students as their own subjects,0,0,0,0,0,0,0,0,0,0,0,0,0,0,0,0,0,0,0,0,0,0,0,0,0,0,0,0,50
JUNE-15-2-06,15,2,2017,A Protocol Demonstrating 60 Different Drosophila Behaviors in One Assay,PDF,Drosophila (fruit fly),0,0,0,15,0,0,0,0,0,0,0,0,0,0,0,0,0,0,0,0,0,0,0,0,0,0,0,0,0
JUNE-15-2-07,15,2,2017,An Algebra-Based Introductory Computational Neuroscience Course with Lab,PDF,Cockroach,0,0,0,0,1,0,0,0,0,5,0,0,0,0,1,0,0,0,0,0,0,0,0,0,0,0,2,0,2
JUNE-15-2-08,15,2,2017,Recognition Without Words: Using Taste to Explore Survival Processing,PDF,Students as their own subjects,0,0,0,0,0,0,0,0,0,0,0,0,0,0,0,0,0,0,0,0,0,0,0,0,0,0,0,0,27
JUNE-15-2-11,15,2,2017,A Rat Model of Fetal Alcohol Syndrome: A Series of Undergraduate Laboratory Exercises for Biopsychology Courses,PDF,Rat; Mouse; Other rodents,51,3,8,0,0,0,0,0,0,0,0,0,0,0,0,0,0,0,0,0,0,0,0,0,0,0,0,0,0
JUNE-15-2-12,15,2,2017,"The Use of Modular, Electronic Neuron Simulators for Neural Circuit Construction Produces Learning Gains in an Undergraduate Anatomy and Physiology Course",PDF,Other insects; Students as their own subjects,0,0,0,0,0,0,0,0,0,0,0,0,3,0,0,0,0,0,0,0,0,0,0,0,0,0,0,0,24
JUNE-15-2-13,15,2,2017,A Critical Thinking Activity on Drug Tolerance for Undergraduate Neuroscience Courses,PDF,,0,0,1,0,0,0,0,0,0,0,0,0,0,0,0,0,0,0,0,0,0,0,0,0,0,0,0,0,0
JUNE-15-2-14,15,2,2017,Grasshopper DCMD: An Undergraduate Electrophysiology Lab for Investigating Single-Unit Responses to Behaviorally-Relevant Stimuli,PDF,Other insects; Other invertebrates,0,0,0,0,0,0,0,0,1,2,1,0,87,0,0,0,0,0,1,5,2,0,0,0,0,0,0,0,2
JUNE-15-2-15,15,2,2017,Locate the Lesion: A Project-Based Learning Case that Stimulates Comprehension and Application of Neuroanatomy,PDF,,0,0,0,0,0,0,0,0,0,0,0,0,0,0,0,0,0,0,0,0,0,0,0,0,1,0,0,0,0
JUNE-15-2-16,15,2,2017,Drugs & the Brain: Case-Based Instruction for an Undergraduate Neuropharmacology Course,PDF,,1,0,0,0,0,0,0,0,0,0,0,0,0,0,0,0,0,0,0,0,0,0,0,0,0,0,0,0,0
JUNE-16-1-07,16,1,2017,A Case Study in the Use of Primary Literature in the Context of Authentic Learning Pedagogy in the Undergraduate Neuroscience Classroom,PDF,Cat / dog,0,1,0,0,0,0,0,0,0,0,0,0,0,0,0,0,0,0,0,0,0,0,0,0,0,12,0,0,0
JUNE-16-1-08,16,1,2017,Measuring Salivary Alpha-Amylase in the Undergraduate Neuroscience Laboratory,PDF,Students as their own subjects,0,0,0,0,0,0,0,0,0,0,0,0,0,0,0,0,0,0,0,0,0,0,0,0,0,0,0,0,16
JUNE-16-1-10,16,1,2017,Using the Tools of Behavioral Neuroscience to Determine the Identity of Different Mouse Strains in a Laboratory Course,PDF,Mouse,0,55,0,0,0,0,0,0,0,0,0,0,0,0,0,0,0,0,0,0,0,0,0,0,0,0,0,0,0
JUNE-16-1-11,16,1,2017,Cartoon Network: A Tool for Open-Ended Exploration of Neural Circuits,PDF,,0,1,0,0,0,0,0,0,0,0,0,0,0,0,0,0,0,0,0,0,0,0,0,0,0,0,0,0,2
JUNE-16-1-13,16,1,2017,Using Action-Mapping to Design a Non-Majors Neuroeconomics Course to Teach First-Year Collegiate Skills,PDF,Students as their own subjects,1,0,0,0,0,0,0,0,0,0,0,0,0,0,0,0,0,0,0,0,0,0,0,0,1,0,0,0,3
JUNE-16-1-15,16,1,2017,Teaching with Big Data: Report from the 2016 Society for Neuroscience Teaching Workshop,PDF,Mouse; Non-human primates,0,41,0,0,0,0,0,0,0,0,0,0,0,0,0,0,0,0,0,0,0,0,0,0,0,0,4,0,0
JUNE-16-1-16,16,1,2017,Integrating Brain Science into Health Studies: An Interdisciplinary Course in Contemplative Neuroscience and Yoga,PDF,,0,0,0,0,0,0,0,0,0,0,0,0,0,0,0,0,0,0,0,0,0,0,0,0,0,0,0,0,6
JUNE-16-1-19,16,1,2017,Front and Back Flipping for Neurobiology! Developing a Hybrid Upper-Division Lab Course,PDF,,2,0,0,0,2,0,0,0,0,2,0,0,0,0,0,0,0,0,0,0,0,0,0,0,0,0,0,0,2
JUNE-16-1-20,16,1,2017,An Integrative Approach to STEM Concepts in an Introductory Neuroscience Course: Gains in Interdisciplinary Awareness,PDF,,0,0,0,0,0,0,0,0,0,0,0,1,0,0,0,0,0,0,0,0,0,0,0,0,0,0,0,0,0
JUNE-16-2-04,16,2,2018,Clinical Neuroscience in Practice: An Experiential Learning Course for Undergraduates Offered by Neurosurgeons and Neuroscientists,PDF,Students as their own subjects,0,0,0,0,0,0,0,0,0,0,0,0,0,0,0,0,0,0,0,0,0,0,0,0,0,0,0,0,6
JUNE-16-2-07,16,2,2018,"The Design, Implementation, and Assessment of an Undergraduate Neurobiology Course using a Project-Based Approach",PDF,,0,0,0,0,0,0,0,0,0,0,0,0,0,0,0,0,0,0,0,1,0,0,0,0,0,0,0,0,0
JUNE-16-2-08,16,2,2018,A Low-Cost Morris Water Maze for Undergraduate Research: Construction and Demonstration in a Rat Model of Obesity-Induced Diabetes,PDF,Rat; Other rodents; Students as their own subjects,95,2,4,0,0,0,0,0,0,0,0,0,0,0,0,0,0,0,0,0,0,0,0,0,0,0,0,0,12
JUNE-16-2-09,16,2,2018,Using Optogenetics to Understand Neuronal Mechanisms Underlying Behavior in C. elegans,PDF,Drosophila (fruit fly); C. elegans,0,1,0,3,35,0,0,0,0,0,0,0,0,0,0,0,0,0,0,0,0,0,0,0,0,0,0,1,0
JUNE-16-2-10,16,2,2018,Partnerships in Neuroscience Research Between Small Colleges and Large Institutions: A Case Study,PDF,,0,1,0,0,0,0,0,0,0,0,0,0,0,0,0,0,0,0,0,0,0,0,0,0,0,0,0,0,2
JUNE-16-2-11,16,2,2018,The Olfactory Proboscis Extension Response in the Honey Bee: A Laboratory Exercise in Classical Conditioning,PDF,Drosophila (fruit fly); Honey bee; Other insects; Aplysia / sea slug; Earthworm; Cat / dog,0,0,0,4,0,0,0,0,0,0,1,139,12,0,4,0,0,0,3,2,0,0,0,0,0,3,0,0,2
JUNE-16-2-12,16,2,2018,Aversive and Appetitive Learning in Drosophila Larvae: A Simple and Powerful Suite of Laboratory Modules for Classroom or Open-ended Research Projects,PDF,Drosophila (fruit fly),0,0,1,39,0,0,0,0,0,0,0,0,0,0,1,0,0,0,0,1,0,0,0,0,0,0,0,0,5
JUNE-16-2-13,16,2,2018,Using ImageJ to Assess Neurite Outgrowth in Mammalian Cell Cultures: Research Data Quantification Exercises in Undergraduate Neuroscience Lab,PDF,,1,0,0,0,0,0,0,0,0,0,0,0,0,0,0,0,0,0,0,0,0,0,0,0,0,0,0,0,0
JUNE-16-3-05,16,3,2018,Cartoon Network Update: New features for exploring of neural circuits,PDF,,0,0,0,0,0,0,0,0,0,0,0,0,0,0,0,0,0,0,0,0,0,0,0,0,0,0,0,0,1
JUNE-16-3-06,16,3,2018,Open Source Software Tools for Teaching Neuroscience,PDF,Earthworm,0,0,0,0,0,0,0,1,0,0,1,0,0,2,0,0,0,0,3,0,0,0,0,0,0,0,0,0,1
JUNE-16-3-07,16,3,2018,Demystifying Graduate School: Navigating a PhD in Neuroscience and Beyond,PDF,,0,0,0,0,0,0,0,0,0,0,0,0,0,0,0,0,0,0,0,0,0,0,0,0,0,0,0,0,1
JUNE-16-3-08,16,3,2018,Recording EMG Signals on a Computer Sound Card,PDF,Students as their own subjects,0,0,0,0,0,0,0,0,0,0,0,0,0,1,0,0,0,0,0,0,0,0,0,0,0,0,0,0,77
JUNE-16-3-11,16,3,2018,Demonstrating Connections Between Neuron Signaling and Behavior using C. elegans Learning Assays and Optogenetics in a Laboratory Class,PDF,C. elegans,0,0,0,1,30,0,0,0,0,0,0,0,0,0,0,0,0,0,0,0,0,0,0,0,0,0,0,0,0
JUNE-16-3-12,16,3,2018,NeuroBytes Electronic Neuron Simulators and the 2017 FUN Summer Workshop,PDF,Students as their own subjects,0,0,0,0,0,0,0,0,0,0,0,0,0,0,0,0,0,0,0,0,0,0,0,0,0,0,0,0,5
JUNE-16-3-13,16,3,2018,Using Online Images to Teach Quantitative Skills via Comparative Neuroanatomy: Applying the Directives of Vision and Change,PDF,Mouse; Sheep / pig / cow,0,3,0,0,0,0,0,0,0,0,0,0,0,0,0,0,0,0,0,0,0,0,0,0,3,0,2,0,0
JUNE-16-3-15,16,3,2018,A Discussion of Diversity and Inclusivity at the Institutional Level: The Need For a Strategic Plan,PDF,Plants & algae,0,0,0,0,0,0,0,0,0,0,0,0,0,0,0,0,0,0,0,0,0,0,0,0,0,0,0,5,0
JUNE-16-3-16,16,3,2018,The Allen Brain Atlas as a Resource for Teaching Undergraduate Neuroscience,PDF,Mouse; Non-human primates,0,36,0,0,0,0,0,0,0,0,0,0,0,0,0,0,0,0,0,0,0,0,0,1,0,0,3,0,0
JUNE-16-3-17,16,3,2018,Building an Inclusive Classroom,PDF,,0,0,0,0,0,0,0,0,0,0,0,0,0,0,0,0,0,0,0,0,0,0,0,0,0,0,0,2,0
JUNE-16-3-19,16,3,2018,Reducing the Cost of Electrophysiology in the Teaching Laboratory,PDF,Other insects; Students as their own subjects,0,0,0,1,0,0,2,1,1,0,0,0,4,0,0,0,1,0,1,0,0,0,0,0,0,0,0,1,10
JUNE-16-3-20,16,3,2018,Muscle Spindles and Our Sense of Physical Self: Kinesthetic Illusions of Limb Position and Posture,PDF,Students as their own subjects,0,0,0,0,0,0,0,1,0,0,0,0,0,0,0,0,0,0,0,0,0,0,0,0,0,0,0,0,22
JUNE-16-3-21,16,3,2018,Probing Synaptic Transmission and Behavior in Drosophila with Optogenetics: A Laboratory Exercise,PDF,Drosophila (fruit fly),0,0,0,26,0,0,0,0,0,0,0,0,0,0,0,0,0,0,0,0,0,0,0,0,0,0,0,2,1
JUNE-17-1-03,17,1,2018,Analysis of Student Attitudes of a Neurobiology Themed Inquiry Based Research Experience in First Year Biology Labs,PDF,C. elegans,0,0,0,0,6,0,0,0,0,0,0,0,0,0,0,0,0,0,0,0,0,0,0,0,0,0,0,0,0
JUNE-17-1-04,17,1,2018,Recommendations for Developing an EEG Laboratory at a Primarily Undergraduate Institution,PDF,Students as their own subjects,1,0,0,0,0,1,0,0,0,0,0,0,0,0,0,0,0,0,0,0,0,0,0,0,0,0,0,0,117
JUNE-17-1-05,17,1,2018,Neuroscience and Sustainability: An Online Module on “Environmental Neuroscience”,PDF,,0,0,0,0,0,0,0,0,0,0,0,0,0,0,0,0,0,0,0,0,0,0,0,0,0,0,0,0,1
JUNE-17-1-07,17,1,2018,The Neuroscience Classroom Remodeled with Team-Based Learning,PDF,Rat,9,0,1,0,0,0,0,0,0,0,0,0,0,0,0,0,0,0,0,0,0,0,0,0,0,0,0,0,0
JUNE-17-1-08,17,1,2018,Teaching Dose-response Relationships Through Aminoglycoside Block of Mechanotransduction Channels in Lateral Line Hair Cells of Larval Zebrafish,PDF,Zebrafish,1,0,0,0,0,37,0,0,0,0,0,0,0,0,0,0,0,0,0,0,0,0,0,1,0,0,0,1,0
JUNE-17-1-09,17,1,2018,Raising Awareness About Prescription and Stimulant Abuse in College Students Through On-Campus Community Involvement Projects,PDF,,0,0,0,0,0,0,0,0,0,0,0,0,0,0,0,0,0,0,0,0,0,0,0,0,0,0,0,0,1
JUNE-17-1-10,17,1,2018,"A Report on the Qualities, Skills, and Characteristics Desired by Top Neuroscience Graduate Programs",PDF,Other rodents,0,0,7,0,0,0,0,0,0,0,0,0,0,0,0,0,0,0,0,0,0,0,0,0,0,0,0,0,0
JUNE-17-1-11,17,1,2018,Impact of Experiential Neuroscience of Meditation Course on Attitudes Toward Mediation and Science,PDF,Sheep / pig / cow; Students as their own subjects,0,0,0,0,0,0,0,0,0,0,0,0,0,0,0,0,0,0,0,0,0,0,0,0,3,0,0,0,8
JUNE-17-1-12,17,1,2018,Using iBiology as a Tool for Undergraduate Neuroscience Education,PDF,,0,0,0,0,1,0,0,0,0,0,0,0,0,0,0,0,0,0,0,0,0,0,0,0,0,0,0,0,0
JUNE-17-1-13,17,1,2018,The Behavioral Effects of Oral Psychostimulant Ingestion on a Laboratory Rat Sample: An Undergraduate Research Experience,PDF,Rat; Other rodents,25,1,10,0,0,0,0,0,0,0,0,0,0,0,0,0,0,0,0,0,0,0,0,0,0,0,0,1,0
JUNE-17-1-14,17,1,2018,Using a Contrast Illusion to Teach Principles of Neural Processing,PDF,Students as their own subjects,1,0,0,0,0,0,0,0,0,0,0,0,0,0,0,0,0,0,0,0,0,0,0,0,0,0,1,0,40
JUNE-17-1-15,17,1,2018,"Engaging, Entertaining, and Educating Under-Served and At-Risk Youth with STEM-Based Activities",PDF,,1,1,0,0,0,0,0,0,0,0,0,0,0,0,0,0,0,0,0,0,0,0,0,0,0,1,1,0,1
JUNE-17-1-16,17,1,2018,Classroom-Based Research Experiences to Support Underserved STEM Student Success: From Introductory Inquiry to Optogenetics in the Embryonic Chicken,PDF,Other invertebrates; Chick / birds; Plants & algae,0,0,0,0,0,0,0,0,1,0,0,0,0,0,0,0,1,0,0,5,0,0,0,11,0,0,0,4,0
JUNE-17-1-17,17,1,2018,How to Train a Honey Bee,PDF,Honey bee; Other invertebrates,0,0,1,0,0,0,0,0,0,0,0,123,2,0,0,0,0,0,0,3,0,0,0,0,0,0,0,0,0
JUNE-17-2-03,17,2,2019,Long Term Potentiation in Mouse Hippocampal Slices in an Undergraduate Laboratory Course,PDF,Mouse,1,23,0,0,0,0,0,1,0,0,0,0,0,0,0,0,0,0,0,0,0,0,0,0,0,0,0,0,0
JUNE-17-2-04,17,2,2019,Hands-on Undergraduate Experiences Using Low-Cost Electroencephalography (EEG) Devices,PDF,Students as their own subjects,0,0,0,0,0,0,0,0,0,0,0,0,0,0,0,0,0,0,0,0,0,0,0,0,0,0,0,0,91
JUNE-17-2-05,17,2,2019,Development of an Introductory Neuroscience Teaching Experience for Undergraduates with a Low-Cost Neuroscience Summer Academy,PDF,,0,0,0,0,0,0,0,0,0,0,0,0,0,0,0,0,0,0,0,0,0,0,0,0,0,1,0,0,7
JUNE-17-2-06,17,2,2019,An Effective Model for Engaging Faculty and Undergraduate Students in Neuroscience Outreach with Middle Schoolers,PDF,Sheep / pig / cow,0,0,0,0,0,0,0,0,0,0,0,0,0,0,0,0,0,0,0,0,0,0,0,0,5,0,0,0,14
JUNE-17-2-09,17,2,2019,Neuroscience and Education Colleagues Collaborate to Design and Assess Effective Brain Outreach for Preschoolers,PDF,,0,0,0,0,0,0,0,0,0,0,0,0,0,0,0,0,0,0,0,0,0,0,0,0,0,0,0,0,4
JUNE-17-2-11,17,2,2019,An Electrophysiological Investigation of Power-Amplification in the Ballistic Mantis Shrimp Punch,PDF,Other crustaceans; Cockroach; Cricket; Other insects; Students as their own subjects,0,0,0,0,0,0,0,1,60,15,20,0,6,0,0,0,1,0,0,2,1,1,0,0,0,0,0,0,33
JUNE-18-1-03,18,1,2019,Cognitive and Non-Cognitive Outcomes Associated with Student Engagement in a Novel Brain Chemoarchitecture Mapping Course-Based Undergraduate Research Experience,PDF,Rat; Mouse,12,3,0,0,0,0,0,0,0,0,0,0,0,0,0,0,0,0,0,0,0,0,0,0,1,2,0,0,0
JUNE-18-1-04,18,1,2019,Everyday Neuroscience: A Community Engagement Course,PDF,,0,0,0,0,0,0,0,0,0,0,0,0,0,0,0,0,0,0,0,0,0,0,0,0,1,0,0,0,7
JUNE-18-1-05,18,1,2019,Quantitative Indicators of Continued Growth in Undergraduate Neuroscience Education in the US,PDF,,0,0,0,0,0,0,0,0,0,0,0,0,0,0,0,0,0,0,0,0,0,0,0,0,0,0,0,0,1
JUNE-18-1-06,18,1,2019,Modulating the Zebrafish Camouflage Response Pathway to Illustrate Neuroendocrine Control Over a Robust and Quantifiable Behavior,PDF,Zebrafish,0,0,0,0,0,26,0,0,0,0,0,0,0,0,0,0,0,0,0,0,0,0,0,0,0,0,0,0,0
JUNE-18-1-07,18,1,2019,Versatile Undergraduate Neurobiology Course-Based Research Experiences Using Open Access 3D Electron Microscopy Image Volumes,PDF,Rat; Mouse; Other rodents,4,3,3,0,1,1,0,0,0,0,0,0,0,0,0,0,0,0,0,0,0,0,0,1,0,1,0,0,0
JUNE-18-1-09,18,1,2019,‘Without A Key’: A Classroom Case Study,PDF,,0,0,0,0,0,0,0,0,0,0,0,0,0,0,0,0,0,0,0,0,0,0,0,0,0,0,1,0,0
JUNE-18-1-10,18,1,2019,3D Printing Neuron Equivalent Circuits: An Undergraduate Laboratory Exercise,PDF,,0,0,0,0,0,0,0,0,0,0,0,0,0,0,0,0,0,0,0,0,0,0,0,0,0,0,0,0,1
JUNE-18-2-03,18,2,2020,Interactive Student-Centered Neuroscience Workshops for Sixth Graders Enhance Science Knowledge and Education Attitudes,PDF,Sheep / pig / cow,0,0,0,0,0,0,0,0,0,0,0,0,0,0,0,0,0,0,0,0,0,0,0,0,5,0,0,0,4
JUNE-18-2-04,18,2,2020,Chick Embryonic Primary Astrocyte Cultures Provide an Effective and Scalable Model for Authentic Research in a Laboratory Class,PDF,Chick / birds,0,0,0,0,0,0,0,0,0,0,0,0,0,0,0,0,0,0,0,0,0,0,0,22,2,0,0,0,0
JUNE-18-2-05,18,2,2020,Using Drosophila Motor Mutants to Teach Neurodevelopment in an Undergraduate Neurobiology Lab,PDF,Drosophila (fruit fly),0,0,0,23,0,0,0,0,0,0,0,0,0,0,0,0,0,0,0,0,0,0,0,0,0,0,0,0,0
JUNE-18-2-06,18,2,2020,Comparing Active Learning to Team-Based Learning in Undergraduate Neuroscience,PDF,,1,0,0,0,0,0,0,0,0,0,0,0,0,0,0,0,0,0,0,0,0,0,0,0,0,0,0,0,0
JUNE-18-2-07,18,2,2020,Cocktail Napkin Presentations: Design of an Activity to Enhance Undergraduate Communication and Critical Evaluation of Neuroscience Primary Literature,PDF,,0,0,0,0,0,0,0,0,0,0,0,0,0,0,0,0,0,0,0,0,0,0,0,0,0,0,0,0,1
JUNE-18-2-08,18,2,2020,Quantifying the Effects of Two Local Anesthetics on the Crayfish Stretch Receptor Organ: An Integrated Neurophysiology Lab,PDF,Crayfish; Other crustaceans,0,0,0,0,0,0,0,60,5,0,0,0,0,0,0,0,0,0,0,1,2,0,0,0,0,0,0,0,0
JUNE-19-1-02,19,1,2020,Reproducible Quantitative Stimulation Allows New Analysis of Crayfish Muscle Receptor Organ Responses,PDF,Crayfish,0,0,0,1,0,0,0,39,2,0,0,0,1,0,0,0,0,0,0,0,0,0,0,0,0,0,0,0,4
JUNE-19-1-03,19,1,2020,Dissecting the Molecular and Neural Circuit Bases of Behavior as an Introduction to Discovery-Driven Research: A Report on a Course-Based Undergraduate Research Experience,PDF,Drosophila (fruit fly),0,0,0,32,0,0,0,1,0,0,0,0,0,0,0,0,0,0,0,0,0,0,0,0,0,0,0,0,0
JUNE-19-1-04,19,1,2020,Evaluation of Students’ Conceptual Organization of Neuroscience May Depend on the Expert Referent,PDF,,0,0,0,0,0,0,0,0,0,0,0,0,0,0,0,0,0,0,0,0,0,0,0,0,0,0,0,0,1
JUNE-19-1-05,19,1,2020,"Physiologists Turned Geneticists: Identifying Transcripts and Genes for Neuronal Function in the Marbled Crayfish, Procambarus virginalis",PDF,Crayfish; Other crustaceans; Other invertebrates,0,0,0,1,0,0,0,40,10,0,0,0,0,0,0,0,0,0,0,3,0,0,0,0,0,0,0,0,0
JUNE-19-1-06,19,1,2020,Integrating Research into the Undergraduate Curriculum: 1. Early Research Experiences and Training,PDF,,0,0,0,0,0,0,0,0,0,0,0,0,0,0,0,0,0,0,0,0,0,0,0,0,0,0,0,0,1
JUNE-19-1-07,19,1,2020,Integrating Research into the Undergraduate Curriculum: 2. Scaffolding Research Skills and Transitioning toward Independent Research,PDF,,0,0,1,0,0,0,0,0,0,0,0,0,1,0,0,0,0,0,0,0,0,0,0,0,0,0,0,0,0
JUNE-19-1-10,19,1,2020,Learning How to Code While Analyzing an Open Access Electrophysiology Dataset,PDF,Mouse,0,15,0,0,0,0,0,0,0,0,0,0,0,0,0,0,0,0,0,0,0,0,0,0,0,0,0,0,0
JUNE-19-1-11,19,1,2020,Non-Disposable Assignments for Remote Neuroscience Laboratory Teaching Using Analysis of Human Data,PDF,,0,0,0,0,0,0,0,0,0,0,0,0,0,0,0,0,0,0,0,0,0,0,0,0,0,0,0,0,1
JUNE-19-1-13,19,1,2020,Developing and Implementing Low-Cost Remote Laboratories for Undergraduate Biology and Neuroscience Courses,PDF,Students as their own subjects,0,0,0,0,0,0,0,0,0,0,0,0,0,0,0,0,0,0,0,0,0,0,0,0,0,0,0,0,23
JUNE-19-1-14,19,1,2020,Inexpensive Methods for Live Imaging of Central Pattern Generator Activity in the Drosophila Larval Locomotor System,PDF,Drosophila (fruit fly),0,1,0,10,0,0,0,0,1,0,0,0,2,0,0,0,0,0,0,2,2,0,0,0,0,0,0,0,0
JUNE-19-1-15,19,1,2020,Building Your Own Neuroscience Equipment: A Precision Micromanipulator and an Epi-fluorescence Microscope for Calcium Imaging,PDF,Drosophila (fruit fly); Crayfish,0,0,0,4,0,0,0,4,0,0,0,0,1,0,0,0,0,0,0,0,0,0,0,0,0,0,0,0,0
JUNE-19-2-02,19,2,2021,Effective Use of Student-Created Case Studies as Assessment in an Undergraduate Neuroscience,PDF,Cat / dog,0,2,0,0,0,0,0,0,0,0,0,0,0,0,0,0,0,0,0,0,0,0,0,0,0,7,0,0,0
JUNE-19-2-03,19,2,2021,Teaching Neuroimmunology to Undergraduate Students: Resource for Full Course or Modular Implementation,PDF,Mouse,1,13,0,1,0,0,0,0,0,0,0,0,0,0,0,0,0,0,0,1,0,0,0,0,0,1,0,0,1
JUNE-19-2-04,19,2,2021,Teaching Computation in Neuroscience: Notes on the 2019 Society for Neuroscience Professional Development Workshop on Teaching,PDF,,0,0,0,0,0,0,0,0,0,0,0,0,0,0,0,0,0,0,0,0,0,0,1,0,0,0,0,0,0
JUNE-19-2-07,19,2,2021,"Reading the Brain: An Interdisciplinary First-Year Seminar on the Intersection of Neuroscience, Literature, and Popular Culture",PDF,,0,0,0,0,0,0,0,0,0,0,0,0,0,0,0,0,0,0,0,0,0,0,0,0,0,2,1,0,0
JUNE-19-2-08,19,2,2021,"Assessment of Mapping the Brain , a Novel Research and Neurotechnology Based Approach for the Modern Neuroscience Classroom",PDF,Mouse,0,10,0,0,0,0,0,0,0,1,0,0,0,0,0,0,0,0,0,0,0,0,0,0,0,0,0,0,0
JUNE-19-2-09,19,2,2021,A Course-Based Research Experience Using the Allen Brain Map: From Research Question to Poster Session,PDF,Mouse,0,10,0,0,0,0,0,0,0,0,0,0,0,0,0,0,0,0,0,0,0,0,0,0,0,0,0,0,0
JUNE-19-2-10,19,2,2021,Phantom Limb Pain: Feeling Sensation from a Limb That is No Longer Present and What it Can Reveal about Our Brain Anatomy,PDF,Students as their own subjects,0,0,0,0,0,0,0,0,0,0,0,0,0,0,0,0,0,0,0,0,0,0,0,0,0,0,0,0,24
JUNE-20-1-04,20,1,2021,DRD4 Allele Frequency as a Lab Exercise in Neuroscience and Genetics Courses,PDF,,0,0,0,0,0,0,0,0,0,0,0,0,0,0,0,0,0,0,0,0,0,0,0,0,0,0,0,2,0
JUNE-20-1-05,20,1,2021,Pedagogical Activities for Assessing Human and Rat Taste-Related Behavioral Responses to Gymnema sylvestre,PDF,Rat; Plants & algae; Students as their own subjects,40,1,1,0,0,0,0,0,0,0,0,0,0,0,0,0,0,0,0,0,0,0,0,0,1,2,1,3,33
JUNE-20-1-07,20,1,2021,"The Spine Lab: A Short-Duration, Fully-Remote Course-Based Undergraduate Research Experience",PDF,Mouse; Cat / dog,0,14,0,0,0,0,0,0,0,0,0,0,0,0,0,0,0,0,0,0,0,0,0,0,0,14,0,0,0
JUNE-20-1-11,20,1,2021,Open-Ended Inquiry into Zebrafish Nerve Development Using Image Analysis,PDF,Zebrafish,0,0,0,0,0,38,0,0,0,0,0,0,0,0,0,0,0,0,0,0,0,0,0,0,0,0,0,0,0
JUNE-20-1-13,20,1,2021,Quantitative Characterization of Output from the Directionally Selective Visual Interneuron H1 in the Grey Flesh Fly Sarcophaga bullata,PDF,Drosophila (fruit fly); Other insects,0,0,0,9,0,0,0,1,1,0,0,0,6,0,0,0,0,0,0,1,0,0,0,0,0,0,0,0,1
JUNE-20-1-14,20,1,2021,Pandemic Teaching: Using the Allen Cell Types Database for Final Semester Projects in an Undergraduate Neurophysiology Lab Course,PDF,Mouse; Snail; Plants & algae,0,9,0,1,0,0,0,1,0,0,0,0,0,0,0,0,4,0,0,1,0,0,0,0,0,0,0,3,3
JUNE-20-1-15,20,1,2021,The Simpsons Neuron: A Case Study Exploring Neuronal Coding and the Scientific Method for Introductory and Advanced Neuroscience Courses,PDF,,0,0,2,0,0,0,0,0,0,0,0,0,0,0,0,0,0,0,0,0,0,0,0,0,0,0,0,0,0
JUNE-20-2-06,20,2,2022,Increasing Self-Compassion: Review of the Literature and Recommendations,PDF,,0,0,0,0,0,0,0,0,0,0,0,0,0,0,0,0,0,0,0,0,0,0,0,0,0,0,0,0,1
JUNE-20-2-11,20,2,2022,FraidyRat: A Virtual Module Examining the Neural Circuitry Underlying Fear Conditioning,PDF,Rat,15,0,0,0,0,0,0,0,0,0,0,0,0,0,0,0,0,0,0,0,0,0,0,0,0,0,0,0,1
JUNE-20-2-12,20,2,2022,Enhancing Student Research Experiences with Open Data from the Allen Brain Map,PDF,Mouse,0,14,0,1,0,0,0,0,0,0,0,0,0,0,0,0,0,0,0,0,0,0,0,0,0,0,0,0,0
JUNE-20-2-14,20,2,2022,Teaching About Sex and Gender in Neuroscience: More Than Meets the “XY”,PDF,,0,2,0,0,0,0,0,0,0,0,0,0,1,0,0,0,0,0,0,0,0,0,0,2,0,0,0,0,0
JUNE-20-2-15,20,2,2022,"PROJECT DiViNe: DIVERSE VOICES IN NEUROSCIENCE: Profiles of Rita Levi-Montalcini, Ricardo Miledi, Simon LeVay, Erich Jarvis, and Steve Ramirez",PDF,Mouse; Squid / octopus; Frog / Xenopus; Chick / birds,1,8,2,0,0,0,0,0,0,0,0,0,0,0,0,10,0,0,0,0,4,0,2,10,0,0,0,0,0
JUNE-20-2-17,20,2,2022,Virtual/Remote Labs for Fluorescent Immunocytochemistry or Western Blotting: The Next Best Thing to Being There,PDF,Mouse,0,4,0,0,0,0,0,0,0,0,0,0,0,0,0,0,0,0,0,0,0,0,0,0,1,0,0,0,0
JUNE-20-2-23,20,2,2022,A Resource to Future Proof the Laboratory in Uncertain Times,PDF,Cockroach; Frog / Xenopus; Students as their own subjects,0,0,0,0,0,0,0,0,0,3,0,0,0,0,0,0,0,0,2,0,3,0,0,0,0,0,0,0,44
JUNE-20-2-25,20,2,2022,Neurosim: Some Thoughts on Using Computer Simulation in Teaching Electrophysiology,PDF,Squid / octopus,0,0,0,0,0,0,0,0,0,1,0,0,0,0,0,4,0,0,1,0,0,0,0,1,0,0,0,0,0
JUNE-20-2-27,20,2,2022,Neuroscience Ambassadors: Creating a Network of Academia-Community Partnerships,PDF,Rat; Other crustaceans; Sheep / pig / cow; Cat / dog,14,2,0,0,0,0,0,0,11,0,0,0,0,0,0,0,0,0,0,0,0,0,0,0,8,14,0,0,8
JUNE-20-3-04,20,3,2022,Active Learning and Community Engagement: Pedagogical Synergy through the “Mobile Neuroscience Lab” Project,PDF,Sheep / pig / cow,0,0,0,1,0,0,0,0,0,0,0,1,0,0,0,0,0,0,1,0,0,0,0,0,11,0,0,0,4
JUNE-20-3-05,20,3,2022,Effective Development of a Remote Full-Day Summer Neuroscience Program at the University of Pennsylvania,PDF,Sheep / pig / cow,0,0,0,0,0,0,0,0,0,0,0,0,0,0,0,0,0,0,0,0,0,0,0,0,5,0,0,0,1
JUNE-20-3-06,20,3,2022,Feasibility and Utility of a Virtual Reality Laboratory Exercise in an Undergraduate Neuroscience Course,PDF,,0,1,0,0,0,0,0,0,0,0,0,0,0,0,0,0,0,0,0,0,0,0,0,0,1,0,0,0,0
JUNE-20-3-08,20,3,2022,Opportunities to Discuss Diversity-Related Topics in Neuroscience Courses,PDF,,1,0,0,0,0,0,0,0,0,0,0,0,0,0,0,0,0,0,0,0,0,0,0,0,0,0,0,0,2
JUNE-20-3-09,20,3,2022,Recording from Snail Motor Nerves to Investigate Central Pattern Generation,PDF,Crayfish; Snail,0,0,0,0,0,0,0,9,2,0,0,0,2,0,0,0,67,0,0,2,0,0,0,1,0,1,0,1,2
JUNE-20-3-10,20,3,2022,The FUN Exchange: A Community-Driven Repository of Resources for Neuroscience Educators,PDF,,0,0,0,0,0,0,0,0,0,0,0,0,0,0,0,0,0,0,0,0,0,0,0,0,0,0,0,0,1
JUNE-20-3-11,20,3,2022,Measuring Sex Differences in the Corpus Callosum by Undergraduates at a Small and a Large Institution,PDF,,0,2,0,0,0,0,0,0,0,0,0,0,0,0,0,0,0,0,0,0,0,0,0,0,0,0,1,0,0
JUNE-21-1-03,21,1,2022,"Teaching Neuroscience: Reviving Neuroanatomy, Notes on the 2022 Society for Neuroscience Professional Development Workshop on Teaching",PDF,Mouse,0,10,0,0,0,0,0,0,0,0,0,0,0,0,0,0,0,0,0,1,1,0,0,0,1,0,1,0,1
JUNE-21-1-09,21,1,2022,Using Zebrafish Embryos to Study Pharmacological Effects on Neural Development in Hands-On Neurobiology Laboratory Activities,PDF,Zebrafish,0,0,2,1,0,75,0,0,0,0,0,0,0,0,0,0,0,0,0,0,0,0,0,1,0,0,0,0,0
JUNE-21-2-05,21,2,2023,An Affordable Three-Dimensional (3D) Printed Recording Chamber for Two-Electrode Voltage Clamp Electrophysiology,PDF,Frog / Xenopus,1,0,0,0,0,0,0,0,0,0,0,0,0,0,0,0,0,0,0,0,5,0,0,0,0,0,0,0,0
JUNE-21-2-06,21,2,2023,The COVID-19 and Taste Lab: A Mini Course-based Undergraduate Research Experience on Taste Differences and COVID-19 Susceptibility,PDF,Students as their own subjects,0,0,0,0,0,0,0,0,0,0,0,0,0,0,0,0,0,0,0,0,0,0,0,0,0,0,0,0,57
JUNE-21-2-07,21,2,2023,Sleepy Mice Case Study: Implementation and Assessment,PDF,Mouse,0,23,0,0,0,0,0,0,0,0,0,0,0,0,0,0,0,0,0,0,0,0,0,0,0,0,0,0,0
JUNE-21-2-09,21,2,2023,The NEURON Program: Utilizing Low-Cost Neuroscience for Remote Education Outreach,PDF,Cockroach,0,0,0,0,0,0,0,0,0,15,0,0,1,0,0,0,0,0,0,0,0,0,0,0,0,0,0,1,1
JUNE-21-2-10,21,2,2023,An Undergraduate Laboratory Series Using C. elegans That Prepares Students for Independent Inquiry,PDF,C. elegans,0,2,0,1,54,0,0,0,0,0,0,0,0,0,0,0,0,0,0,0,0,0,0,0,0,0,0,0,0
JUNE-21-2-11,21,2,2023,Quantitative and Qualitative Representation of Introductory and Advanced EEG Concepts: An Exploration of Different EEG Setups,PDF,Students as their own subjects,0,0,0,0,0,0,0,0,0,0,0,0,0,0,0,0,0,0,0,0,0,0,0,0,0,0,0,0,57
JUNE-21-2-12,21,2,2023,Smartphone-enabled Web-based Simulation of Cellular Neurophysiology for Laboratory Course and its Effectiveness,PDF,,0,0,0,0,0,0,0,0,0,1,1,0,0,0,0,1,0,0,1,0,1,0,0,0,0,0,0,0,0
JUNE-21-2-13,21,2,2023,Effects of a Service-Learning Neuroscience Course on Mood and Intergroup Anxiety,PDF,,0,0,0,0,0,0,0,0,0,0,0,0,0,0,0,0,0,0,0,0,0,0,0,0,0,0,0,0,3
JUNE-22-1-02,22,1,2023,A Versatile Semester-Long Course-Based Undergraduate Research Experience using Optogenetics and RNAi to Identify Genes Important for Synapse Function,PDF,C. elegans; Students as their own subjects,0,0,0,0,31,0,0,0,0,0,0,0,0,0,0,0,0,0,0,0,0,0,0,0,0,0,0,0,6
JUNE-22-1-03,22,1,2023,PopScience: Teaching Students to Communicate Scientific Findings to the General Public,PDF,,1,0,0,0,0,0,0,0,0,0,0,0,0,0,0,0,0,0,0,0,0,0,0,0,0,0,0,0,0
JUNE-22-1-05,22,1,2023,Does Insomnia Cause Revenge Seeking Behavior? Using a Puzzle-Based Sleep Lab Educational Escape Room to Teach Circadian Rhythms in a Large Introductory Neuroscience Course,PDF,Students as their own subjects,0,0,0,0,0,0,0,0,0,0,0,0,0,0,0,0,0,0,0,0,0,0,0,0,0,0,0,0,11
JUNE-22-1-06,22,1,2023,Poppy Seed Consumption and Oral Fluid Opioids Detection: A Classroom Demonstration of Psychopharmacological Concepts,PDF,,0,2,0,0,0,0,0,0,0,0,0,0,0,0,0,0,0,0,0,0,0,0,0,0,2,0,0,2,1
JUNE-22-1-07,22,1,2023,Using Drosophila Two-Choice Assay to Study Optogenetics in Hands-On Neurobiology Laboratory Activities,PDF,Drosophila (fruit fly),0,1,0,14,0,0,0,0,0,1,1,0,0,0,0,0,0,0,1,0,0,0,0,0,1,0,0,0,7
JUNE-22-1-09,22,1,2023,Primary Afferent Depolarization and the Gate Control Theory of Pain: A Tutorial Simulation,PDF,,0,0,0,0,0,0,0,0,0,0,0,0,1,0,0,2,0,0,0,0,0,0,0,0,0,0,0,0,5
JUNE-22-1-10,22,1,2023,CASE STUDY: Mapping Human Neuronal Diversity in the Search for New Therapeutics: Using Real Human Neuron Data Sets to Build Student Quantitative Skills,PDF,,0,0,1,0,0,0,0,0,0,0,0,0,0,0,0,0,0,0,0,0,0,0,0,0,0,0,0,0,0
JUNE-22-2-07,22,2,2024,A Case for the Use of Open Data as a Tool to Incorporate Socioscientific Topics into Neuroscience Education,PDF,,0,0,0,0,0,0,0,0,0,0,0,0,0,0,0,0,0,0,0,0,0,0,0,1,0,0,0,0,0
JUNE-22-2-08,22,2,2024,Integrating Programming into Neuroscience Courses,PDF,,0,1,0,0,0,0,0,0,0,0,0,0,0,0,0,0,0,0,1,0,0,0,0,0,0,0,0,0,5
JUNE-22-2-09,22,2,2024,"Designing and Teaching Courses on Sex, Gender, and the Brain: Two Implementations in the Undergraduate Classroom",PDF,,0,2,2,1,1,0,0,0,0,0,0,0,0,0,0,0,0,0,0,0,0,0,0,1,1,0,0,0,1
JUNE-22-2-10,22,2,2024,"microPublication Biology : An introduction to Publishing and Teaching with a Small-Format, Peer-Reviewed Journal",PDF,,0,0,0,0,2,0,0,0,0,0,0,0,0,0,0,0,0,0,0,0,0,0,0,0,0,0,0,0,0
JUNE-22-2-13,22,2,2024,Mini-Symposium: Training the Trainers of the Next Generation of Neuroscience Advocates,PDF,,0,0,1,0,0,0,0,0,0,0,0,0,0,0,0,0,0,0,0,0,0,0,0,0,0,0,0,0,0
JUNE-22-2-14,22,2,2024,"Centering Diversity, Equity, and Inclusion in Graduate Admissions",PDF,,0,0,0,0,0,0,0,0,0,0,0,0,0,0,0,0,0,0,0,1,0,0,0,0,0,0,0,0,0
JUNE-22-2-16,22,2,2024,Making an Effective Flipped Neuroscience Lab by Approaching Students from their Emoticons,PDF,Cockroach; Cricket,0,2,0,0,0,0,0,0,0,8,3,0,0,0,0,0,0,0,0,0,0,0,0,0,0,0,0,0,0
JUNE-22-3-02,22,3,2024,Sherlock Holmes and the Neurophysiologists: Unraveling the “Mystery” of Active Learning Success,PDF,,0,0,0,0,0,0,0,2,0,0,0,0,0,0,0,0,0,0,0,0,0,0,0,0,0,0,0,0,1
JUNE-22-3-03,22,3,2024,Integrating Intercultural Competence into a Neuroscience Curriculum through a Short-Term Study Abroad Program,PDF,,0,0,0,0,0,0,0,0,0,0,0,0,0,0,0,0,0,0,0,0,0,0,0,0,0,0,0,0,2
JUNE-22-3-04,22,3,2024,Use of Buzz Buttons to Illustrate Taste Perception Principles in a Sensation and Perception Laboratory Exercise,PDF,Plants & algae; Students as their own subjects,0,2,0,0,0,0,0,0,0,0,0,0,0,0,0,0,0,0,0,0,0,0,0,0,0,0,0,7,72
JUNE-22-3-05,22,3,2024,Forbidden Neurds: A Neuroscience Word Game,PDF,Rat,5,0,0,0,0,0,0,0,0,0,0,0,0,0,0,0,0,0,0,0,0,0,0,0,0,0,0,0,0
JUNE-22-3-06,22,3,2024,Low-Cost Classroom and Laboratory Exercises for Investigating Both Wave and Event-Related Electroencephalogram Potentials,PDF,Students as their own subjects,0,0,0,0,0,0,0,0,0,0,0,0,0,0,0,0,0,0,0,0,0,0,0,0,0,0,0,0,38
JUNE-22-3-07,22,3,2024,Neurosimilator for Undergraduate Biophysics and Neurophysiology Courses,PDF,Plants & algae,0,0,0,0,0,0,0,0,1,1,1,0,0,0,0,1,0,0,1,0,0,0,0,0,0,0,0,3,0
JUNE-22-3-12,22,3,2024,Virtual Dissection Table Case Studies for Undergraduate Neuroanatomy Written Assignments,PDF,,0,0,0,0,0,0,0,0,0,0,0,0,0,0,0,0,0,0,0,0,0,0,0,0,0,0,1,0,0
JUNE-22-3-13,22,3,2024,"Interactive Notebooks Improve Students’ Understanding of Developmental Neurobiology, Attitudes Toward Research, and Experimental Design Competency in a Lecture-Based Neuroscience Course",PDF,,0,0,0,0,0,1,0,0,0,0,0,0,0,0,0,0,0,0,0,0,0,0,0,0,0,0,0,0,0
JUNE-22-3-14,22,3,2024,An In-depth Exploration of the Interplay between fMRI Methods and Theory in Cognitive Neuroscience,PDF,Chick / birds; Cat / dog; Students as their own subjects,0,0,0,0,0,0,0,0,0,0,0,0,0,0,0,0,0,0,0,0,0,0,0,4,0,12,2,2,11
JUNE-22-3-15,22,3,2024,Using BioRender for Active Learning: Exploring Learning-Style Preference and Visual-Spatial Ability in Undergraduate Students,PDF,,2,0,0,0,0,0,0,0,0,0,0,0,0,0,0,0,0,0,0,0,0,0,0,0,0,0,0,0,0
JUNE-23-1-04,23,1,2024,Effects of Gamification on Student Success and Perception of Instruction in Neuroanatomy: A Retrospective Analysis,PDF,,0,0,0,0,0,0,0,0,0,0,0,0,0,0,0,0,0,0,0,0,0,0,0,0,1,1,0,0,1
JUNE-23-1-06,23,1,2024,An Integrative Brain and Behavior CURE (Course-Based Undergraduate Research Experience) Using Immunohistochemistry in the Fighting Fish Betta splendens,PDF,Other fish,0,0,1,0,0,0,31,0,0,0,0,0,0,0,0,0,0,0,0,0,0,0,0,0,0,0,0,2,0
JUNE-23-1-07,23,1,2024,How to Integrate Neuroethics into a Neuroscience Course – And Drive Student Engagement with Core Concepts,PDF,,0,1,0,0,0,0,0,0,0,0,0,0,0,0,0,0,0,0,0,0,0,0,0,0,0,0,0,0,0
JUNE-23-2-03,23,2,2025,A Cross-Course Experiment with a Word Recall Task and Salivary Cortisol Measurements,PDF,Students as their own subjects,0,0,0,0,0,0,0,0,0,0,0,0,0,0,0,0,0,0,0,0,0,0,0,0,0,0,0,0,64
JUNE-23-2-09,23,2,2025,Addiction Education in the Undergraduate Space: A Novel Course Connecting Neurobiology of Addiction and Compassion for Individuals with Substance Use Disorder,PDF,,1,0,0,0,0,0,0,0,0,0,0,0,0,0,0,0,0,0,0,0,0,0,0,0,0,0,0,0,0
JUNE-23-2-11,23,2,2025,Biopsychology Lab: COMT Genotype Associations with Vagal Tone and Frontal Alpha Asymmetry,PDF,Students as their own subjects,0,0,0,0,1,0,0,0,0,0,0,0,0,0,0,0,0,0,0,0,0,0,0,0,0,0,0,0,68
JUNE-24-1-01,24,1,2025,A Model for Statewide Educational Outreach to Undergraduates: Implications From a Neuropsychology Outreach Program,web page,,0,0,0,1,0,0,0,0,0,0,0,0,0,0,0,0,0,0,0,0,0,0,0,0,0,0,1,0,1
JUNE-24-1-02,24,1,2025,A Novel Practical Session to Teach Concepts of Allometric Scaling of Brain Structures to Undergraduate Students Using Vertebrate Brains,web page,Sheep / pig / cow,0,0,1,1,0,0,0,0,0,0,0,0,0,0,0,0,0,0,0,0,0,0,0,0,29,0,0,0,1
JUNE-24-1-04,24,1,2025,An Advanced Undergraduate Laboratory Course: Calcium Imaging and Data Analysis – a Mini Graduate Research Experience,web page,Drosophila (fruit fly),0,0,0,3,0,0,0,0,0,0,0,0,0,0,0,0,0,0,0,0,0,0,0,0,0,1,0,0,1
JUNE-24-1-06,24,1,2025,"Effect of Neutral and Negative Images on Galvanic Skin Response: An Activity for Courses in Forensic, Affective, and Behavioral Neuroscience",web page,Students as their own subjects,0,0,0,1,0,0,0,0,0,0,0,0,0,0,0,0,0,0,0,0,0,0,1,0,0,0,1,0,56
JUNE-24-1-07,24,1,2025,Exploring the Impact of Online Education on Scientific Presentation Skills in Women Neuroscience Students,web page,,0,0,0,1,0,0,0,0,0,0,0,0,0,0,0,0,0,0,0,0,0,0,0,0,0,0,0,0,1
JUNE-24-1-08,24,1,2025,Investigating the Neural Control of Social Behavior in Drosophila melanogaster Using a Low-Cost Optogenetics System,web page,Drosophila (fruit fly),0,0,0,24,0,0,0,0,0,0,0,0,0,0,0,0,0,0,0,0,0,0,0,0,0,0,0,0,1
JUNE-24-1-09,24,1,2025,Mindset Variations Among Undergraduate Neuroscience Students,web page,,0,0,0,1,0,0,0,0,0,0,0,0,0,0,0,0,0,0,0,0,0,0,0,0,0,0,0,0,2
JUNE-24-1-11,24,1,2025,The Simplified BrainTower and Pipe Cleaners: Model Building as a Learning Tool in Neuroscience,web page,,0,0,0,1,0,0,0,0,0,0,0,0,1,0,0,0,0,0,0,0,0,0,0,0,0,0,0,0,1
JUNE-24-1-12,24,1,2025,Undergraduate Student Experience and Motivation Influence Perceived Benefits of Participation in Community Outreach,web page,,0,0,0,1,0,0,0,0,0,0,0,0,0,0,0,0,0,0,0,0,0,0,0,0,0,0,0,0,2
JUNE-24-2-01,24,2,2026,An Inquiry-Based Lab Exercise Investigating Student Cortisol Responses to Giving a Graded In-Class Presentation,web page,Students as their own subjects,0,0,0,0,0,0,0,0,0,0,0,0,0,0,0,0,0,0,0,0,0,0,0,0,0,0,0,0,54
JUNE-24-2-02,24,2,2026,Comparative Investigations of the Neurophysiological Mechanisms of Escape Behavior: A Course-based Undergraduate Research Experience,web page,Zebrafish; Cricket; Other invertebrates,0,0,1,1,1,46,0,1,0,0,42,0,0,0,0,0,0,0,0,3,0,0,0,0,0,0,0,0,1
JUNE-24-2-03,24,2,2026,"Creative, Socially-Minded Communication Project on Neurodivergences Increases Self-Reported Content Knowledge, Collaboration Skills, and Personal Allyship",web page,,0,0,0,0,0,0,0,0,0,0,0,0,0,0,0,0,0,0,0,0,0,0,0,0,0,0,0,0,1
JUNE-24-2-04,24,2,2026,Fostering Belonging Through Introducing Diverse Scientists in Undergraduate Neuroscience Lectures,web page,,0,0,0,0,0,0,0,0,0,0,0,0,0,0,0,0,0,0,0,0,0,0,0,0,0,0,0,0,1
JUNE-24-2-05,24,2,2026,MacGyver Neuroscience: Cost-Effective Laboratory Exercises for Pre-Health Education,web page,Sheep / pig / cow,0,0,0,0,0,0,0,0,0,1,0,0,0,0,0,0,0,0,0,0,0,0,0,1,12,0,0,0,2
JUNE-24-2-06,24,2,2026,Spinal Cord Anatomy for Visually Impaired Students: The Development of 3D-Printed Educational Models,web page,,0,0,0,0,0,0,0,0,0,0,0,0,0,0,0,0,0,0,0,0,0,0,0,0,0,0,0,0,1
JUNE-24-2-07,24,2,2026,Transforming a Large-Enrollment Neuroscience Course With Active Learning: Using AI-Based Text Analysis to Capture What Traditional Evaluations Miss,web page,,0,0,0,0,0,0,0,0,0,0,0,0,0,0,0,0,0,0,0,0,0,0,0,0,0,0,0,0,1
JUNE-24-2-08,24,2,2026,Use of a Smartphone-Based App in an Online Behavioral Neuroscience Lab Course,web page,Students as their own subjects,0,1,0,0,0,0,0,0,0,0,0,0,0,0,0,0,0,0,0,0,0,0,0,0,0,0,0,0,12
JUNE-24-2-09,24,2,2026,“I Can Code”: An Innovative Workshop Introducing Students to Coding in the Context of Neuroscience Research,web page,,0,0,0,0,0,0,0,0,0,0,0,0,0,0,0,0,0,0,0,0,0,0,0,0,0,0,0,0,1
