topic,name,articles (main topic),top words,example titles
0,Topic 0,16,"writing, scientific, literature, primary, primary literature, assignment, communication, peer, articles, review",“Brevity is the Soul of Wit”: Use of a Stepwise Project to Teach Concise Scientific Writin | PopScience: Teaching Students to Communicate Scientific Findings to the General Public | Using Rubrics as a Scientific Writing Instructional Method in Early Stage Undergraduate Ne
1,Topic 1,66,"laboratory, data, behavioral, animal, experimental, design, analysis, lab, techniques, projects",Experimental Methods in Neuroscience: An Undergraduate Neuroscience Laboratory Course for  | The Behavioral Effects of Oral Psychostimulant Ingestion on a Laboratory Rat Sample: An Un | The Student Surgeon: A Behavioral Neuroendocrinology Laboratory Exercise in Rats
2,Topic 2,22,"case, case studies, studies, neuroanatomy, primary, cases, patient, symptoms, adapted, neurological",The Use of Case Studies in Teaching Undergraduate Neuroscience | Effective Use of Student-Created Case Studies as Assessment in an Undergraduate Neuroscien | Sleepy Mice Case Study: Implementation and Assessment
3,Topic 3,28,"brain, allen, data, allen brain, neuroanatomy, atlas, brain atlas, open, cure, big",A Self-Study Tutorial using the Allen Brain Explorer and Brain Atlas to Teach Concepts of  | The Allen Brain Atlas as a Resource for Teaching Undergraduate Neuroscience | A Course-Based Research Experience Using the Allen Brain Map: From Research Question to Po
4,Topic 4,27,"fun, faculty, workshop, june, college, survey, summer, workshops, sfn, july",Expanding Collaborations between the Neuroscience Training Committee of the Society for Ne | IFEL TOUR: A Description of the Introduction to FUN Electrophysiology Labs Workshop at Bow | The New Blueprints: Undergraduate Neuroscience Education in the Twenty-First Century
5,Topic 5,30,"online, lab, video, in-person, virtual, instruction, pandemic, remote, resources, labs","Online Neuroscience Instruction: Insights, Lessons Learned, and Moving Forward | A Resource to Future Proof the Laboratory in Uncertain Times | Dual Format Course Design: Neuroanatomy and Neurophysiology for Adult Learners"
6,Topic 6,27,"action, potentials, potential, recording, action potential, action potentials, neurophysiology, nerve, extracellular, responses",Application of a Spike Sorting Procedure to Analyze Recordings in the Crayfish Ventral Sup | Technical Note: Construction of a Simple Suction Electrode for Extracellular Recording and | Action Potentials in a Giant Algal Cell: A Comparative Approach to Mechanisms and Evolutio
7,Topic 7,32,"outreach, school, community, service, high school, high, college, activities, awareness, university",Effects of a Service-Learning Neuroscience Course on Mood and Intergroup Anxiety | Everyday Neuroscience: A Community Engagement Course | Integrating Community Outreach into the Undergraduate Neuroscience Classroom
8,Topic 8,13,"eeg, cognitive, electroencephalography eeg, electroencephalography, erp, laboratory, event-related, equipment, electroencephalogram, fmri",Incorporating an ERP Project into Undergraduate Instruction | Recommendations for Developing an EEG Laboratory at a Primarily Undergraduate Institution | Virtual EEG: A Software-Based Electroencephalogram Designed for Undergraduate Neuroscience
9,Topic 9,26,"exercise, taste, laboratory exercise, sensory, perception, sensation, laboratory, sweet, processing, fruit",The Miracle Fruit: An Undergraduate Laboratory Exercise in Taste Sensation and Perception | Use of Buzz Buttons to Illustrate Taste Perception Principles in a Sensation and Perceptio | Use of the Herb Gymnema sylvestre to Illustrate the Principles of Gustatory Sensation: An 
10,Topic 10,74,"science, interdisciplinary, curriculum, knowledge, majors, design, sciences, stem, social, core",Accelerated Integrated Science Sequence: An Interdisciplinary Introductory Course for Scie | A Rationale and Outline for an Undergraduate Course on the Philosophy and History of Scien | A Conceptual Framework for Interdisciplinary Curriculum Design: A Case Study in Neuroscien
11,Topic 11,38,"graduate, diversity, training, institutions, academic, stem, urm, phd, underrepresented, school","Centering Diversity, Equity, and Inclusion in Graduate Admissions | Memphis NeuroSTART Program: Promoting Student Success and Increasing the Diversity of Appl | Demystifying Graduate School: Navigating a PhD in Neuroscience and Beyond"
12,Topic 12,40,"active, lecture, game, activity, large, thinking, traditional, performance, content, critical thinking",Don’t Believe the Gripe! Increasing Course Structure in a Large Non-majors Neuroscience Co | Comparing Active Learning to Team-Based Learning in Undergraduate Neuroscience | Structured Worksheets: Simple Active Learning Strategies to Increase Transparency and Prom
13,Topic 13,40,"neural, computational, network, simulations, simulation, computer, networks, models, neuron, circuit",Cartoon Network: A Tool for Open-Ended Exploration of Neural Circuits | Cartoon Network Update: New features for exploring of neural circuits | An Interactive Simulation Program for Exploring Computational Models of Auto-Associative M
14,Topic 14,29,"drosophila, behavior, optogenetics, neurons, behaviors, elegans, module, genetics, genetic, neural",Probing Synaptic Transmission and Behavior in Drosophila with Optogenetics: A Laboratory E | Using Optogenetics to Understand Neuronal Mechanisms Underlying Behavior in C. elegans | Investigating the Neural Control of Social Behavior in Drosophila melanogaster Using a Low
